player,position,age,team,games,games_started,minutes_played,field_goals,field_goal_attempts,three_pointers,three_point_attempts,two_pointers,two_point_attempts,free_throws,free_throw_attempts,offensive_rebounds,defensive_rebounds,assists,steals,blocks,turnovers,personal_fouls
Alex Abrines,SG,25,OKC,31,2,588,56,157,41,127,15,30,12,13,5,43,20,17,6,14,53
Quincy Acy,PF,28,PHO,10,0,123,4,18,2,15,2,3,7,10,3,22,8,1,4,4,24
Jaylen Adams,PG,22,ATL,34,1,428,38,110,25,74,13,36,7,9,11,49,65,14,5,28,45
Steven Adams,C,25,OKC,80,80,2669,481,809,0,2,481,807,146,292,391,369,124,117,76,135,204
Bam Adebayo,C,21,MIA,82,28,1913,280,486,3,15,277,471,166,226,165,432,184,71,65,121,203
Deng Adel,SF,21,CLE,19,3,194,11,36,6,23,5,13,4,4,3,16,5,1,4,6,13
DeVaughn Akoon-Purcell,SG,25,DEN,7,0,22,3,10,0,4,3,6,1,2,1,3,6,2,0,2,4
LaMarcus Aldridge,C,33,SAS,81,81,2687,684,1319,10,42,674,1277,349,412,251,493,194,43,107,144,179
Rawle Alkins,SG,21,CHI,10,1,120,13,39,3,12,10,27,8,12,11,15,13,1,0,8,7
Grayson Allen,SG,23,UTA,38,2,416,67,178,32,99,35,79,45,60,3,20,25,6,6,33,47
Jarrett Allen,C,20,BRK,80,80,2096,335,568,6,45,329,523,197,278,191,481,110,43,120,103,184
Kadeem Allen,SG,26,NYK,19,1,416,65,141,17,36,48,105,42,54,8,43,76,16,4,26,46
Al-Farouq Aminu,PF,28,POR,81,81,2292,257,593,96,280,161,313,150,173,112,498,104,68,33,72,143
Justin Anderson,SF,25,ATL,48,4,463,64,157,24,77,40,80,26,35,24,60,23,22,13,23,48
Kyle Anderson,SF,25,MEM,43,40,1281,150,276,9,34,141,242,37,64,48,203,128,54,37,58,112
Ryan Anderson,PF,30,TOT,25,8,322,21,69,9,40,12,29,12,16,18,36,19,4,1,14,25
Ryan Anderson,PF,30,PHO,15,8,278,19,60,7,34,12,26,11,14,14,31,17,3,1,12,23
Ryan Anderson,PF,30,MIA,10,0,44,2,9,2,6,0,3,1,2,4,5,2,1,0,2,2
Ike Anigbogu,C,20,IND,3,0,6,0,3,0,0,0,3,0,0,1,2,1,0,1,1,0
Giannis Antetokounmpo,PF,24,MIL,72,72,2358,721,1247,52,203,669,1044,500,686,159,739,424,92,110,268,232
Kostas Antetokounmpo,PF,21,DAL,2,0,11,0,3,0,0,0,3,2,4,0,1,0,2,0,1,0
Carmelo Anthony,PF,34,HOU,10,2,294,49,121,21,64,28,57,15,22,9,45,5,4,7,8,32
OG Anunoby,SF,21,TOR,67,6,1352,183,404,67,202,116,202,36,62,58,139,47,46,22,55,140
Ryan Arcidiacono,PG,24,CHI,81,32,1961,187,418,81,217,106,201,89,102,27,192,269,65,4,63,171
Trevor Ariza,SF,33,TOT,69,69,2349,294,736,145,434,149,302,130,164,50,321,252,91,21,106,130
Trevor Ariza,SF,33,PHO,26,26,884,86,227,50,139,36,88,36,43,16,129,87,38,8,39,44
Trevor Ariza,SF,33,WAS,43,43,1465,208,509,95,295,113,214,94,121,34,192,165,53,13,67,86
D.J. Augustin,PG,31,ORL,81,81,2269,318,677,131,311,187,366,181,209,41,162,426,52,4,128,115
Deandre Ayton,C,20,PHO,71,70,2183,509,870,0,4,509,866,141,189,223,506,125,61,67,126,209
Dwayne Bacon,SG,23,CHO,43,13,759,122,257,38,87,84,170,34,46,8,81,47,12,5,18,72
Marvin Bagley,PF,19,SAC,62,4,1567,356,706,30,96,326,610,181,262,162,309,62,33,59,98,120
Ron Baker,SG,25,TOT,15,0,152,4,20,1,13,3,7,5,6,1,10,15,6,1,5,18
Ron Baker,SG,25,NYK,11,0,107,4,16,1,9,3,7,5,6,1,6,13,5,0,3,16
Ron Baker,SG,25,WAS,4,0,45,0,4,0,4,0,0,0,0,0,4,2,1,1,2,2
Wade Baldwin,PG,22,POR,16,0,94,10,33,2,9,8,24,8,11,2,13,12,1,2,14,11
Lonzo Ball,PG,21,LAL,47,45,1423,185,456,75,228,110,228,20,48,54,197,255,69,19,103,114
Mohamed Bamba,C,20,ORL,47,1,766,117,243,21,70,96,173,37,63,64,169,39,13,64,43,102
J.J. Barea,PG,34,DAL,38,0,752,161,385,38,128,123,257,55,78,13,82,211,22,1,72,50
Harrison Barnes,PF-SF,26,TOT,77,77,2533,431,1027,174,441,257,586,229,278,57,304,115,50,13,98,122
Harrison Barnes,PF,26,DAL,49,49,1584,290,717,121,311,169,406,165,198,36,171,62,33,11,68,79
Harrison Barnes,SF,26,SAC,28,28,949,141,310,53,130,88,180,64,80,21,133,53,17,2,30,43
Will Barton,SG,28,DEN,43,38,1189,185,460,67,196,118,264,57,74,32,167,124,18,22,65,82
Keita Bates-Diop,SF,23,MIN,30,3,503,60,142,13,52,47,90,18,28,16,67,17,18,14,14,29
Nicolas Batum,SF,30,CHO,75,72,2354,253,562,116,298,137,264,77,89,71,319,247,71,43,117,140
Jerryd Bayless,PG,30,MIN,34,6,657,82,230,29,98,53,132,16,28,11,51,119,18,2,32,56
Aron Baynes,C,32,BOS,51,18,821,105,223,21,61,84,162,53,62,88,152,57,12,34,40,125
Kent Bazemore,SG,29,ATL,67,35,1643,278,691,96,300,182,391,127,175,37,224,152,89,42,121,170
Bradley Beal,SG,25,WAS,82,82,3028,764,1609,209,596,555,1013,362,448,89,322,448,121,58,224,226
Malik Beasley,SG,22,DEN,81,18,1879,349,737,163,405,186,332,56,66,35,165,97,55,10,55,116
Michael Beasley,PF,30,LAL,26,2,277,75,153,3,17,72,136,28,39,13,47,25,9,10,27,42
Marco Belinelli,SG,32,SAS,79,1,1815,285,690,147,395,138,295,112,124,16,182,132,35,8,72,121
Jordan Bell,C,24,GSW,68,3,788,99,192,0,2,99,190,25,41,55,129,76,20,51,42,80
DeAndre' Bembry,SG,24,ATL,82,15,1931,275,616,50,173,225,443,87,136,54,304,202,105,41,142,190
Dragan Bender,PF,21,PHO,46,27,826,88,197,22,101,66,96,32,54,34,149,56,18,22,37,90
Dairis Bertans,SG,29,NOP,12,0,167,12,47,10,34,2,13,0,0,2,7,10,1,0,2,7
Davis Bertans,PF,26,SAS,76,12,1632,204,453,145,338,59,115,53,60,23,241,100,35,33,43,133
Patrick Beverley,PG,30,LAC,78,49,2137,194,477,112,282,82,195,96,123,76,312,300,67,43,85,265
Khem Birch,C,26,ORL,50,1,643,91,151,0,1,91,150,58,83,79,111,38,18,29,20,72
Bismack Biyombo,C,26,CHO,54,32,783,89,156,0,0,89,156,58,91,81,166,33,11,41,34,103
Nemanja Bjelica,PF,30,SAC,77,70,1788,284,593,103,257,181,336,70,92,125,319,147,54,56,82,197
Antonio Blakeney,SG,22,CHI,57,3,829,166,396,36,91,130,305,50,76,7,99,42,12,9,35,41
Eric Bledsoe,PG,29,MIL,78,78,2272,470,971,124,377,346,594,177,236,82,280,430,116,29,165,156
Jaron Blossomgame,SF,25,CLE,27,4,439,47,106,10,39,37,67,10,13,26,72,13,7,8,11,20
Bogdan Bogdanovic,SG,26,SAC,70,17,1947,361,863,134,372,227,491,134,162,40,203,267,72,15,117,142
Bojan Bogdanovic,SF,29,IND,81,81,2573,522,1051,164,386,358,665,246,305,33,300,161,69,1,134,138
Andrew Bogut,C,34,GSW,11,5,134,18,36,0,0,18,36,3,3,12,43,11,3,8,8,22
Jonah Bolden,PF,23,PHI,44,10,639,80,162,34,96,46,66,13,27,47,118,40,17,39,36,99
Isaac Bonga,PG,19,LAL,22,0,120,5,33,0,8,5,25,9,15,9,16,15,9,4,6,9
Devin Booker,SG,22,PHO,64,64,2242,586,1255,135,414,451,841,393,454,39,226,433,56,13,264,200
Chris Boucher,PF,26,TOR,28,0,163,34,76,12,37,22,39,13,15,16,40,2,6,24,7,31
Avery Bradley,SG,28,TOT,63,63,1905,248,608,86,245,162,363,43,50,43,132,152,41,16,89,167
Avery Bradley,SG,28,LAC,49,49,1463,161,420,58,172,103,248,20,25,35,96,96,27,16,61,133
Avery Bradley,SG,28,MEM,14,14,442,87,188,28,73,59,115,23,25,8,36,56,14,0,28,34
Tony Bradley,C,21,UTA,3,0,36,8,16,0,0,8,16,1,2,9,6,1,2,2,3,6
Corey Brewer,SF,32,TOT,31,3,492,53,123,14,44,39,79,31,43,26,50,39,32,7,19,63
Corey Brewer,SF,32,PHI,7,3,140,20,49,4,14,16,35,9,13,4,13,10,12,2,8,16
Corey Brewer,SF,32,SAC,24,0,352,33,74,10,30,23,44,22,30,22,37,29,20,5,11,47
Mikal Bridges,SF,22,PHO,82,56,2417,242,563,105,313,137,250,95,118,56,208,173,129,38,70,201
Miles Bridges,SF,20,CHO,80,25,1696,237,511,65,200,172,311,58,77,67,256,95,55,49,50,111
Isaiah Briscoe,PG,22,ORL,39,0,559,55,138,11,34,44,104,15,26,5,69,87,11,2,31,66
Ryan Broekhoff,SG,28,DAL,42,0,453,57,126,38,93,19,33,15,19,8,55,22,6,4,16,35
Malcolm Brogdon,SG,26,MIL,64,64,1832,378,748,104,244,274,504,141,152,65,223,205,46,13,91,102
Dillon Brooks,SF,23,MEM,18,0,330,49,122,15,40,34,82,22,30,9,22,16,10,4,19,50
MarShon Brooks,SG,30,MEM,29,0,387,76,169,15,54,61,115,23,33,12,33,25,9,4,21,33
Bruce Brown,SG,22,DET,74,56,1449,125,314,24,93,101,221,45,60,48,137,91,40,36,46,178
Jaylen Brown,SG,22,BOS,74,25,1913,368,792,95,276,273,516,133,202,65,248,100,69,32,99,186
Lorenzo Brown,PG,28,TOR,26,0,212,23,71,6,28,17,43,3,3,5,26,28,12,5,16,22
Sterling Brown,SG,23,MIL,58,7,1034,145,312,53,147,92,165,29,42,29,155,84,25,8,46,88
Troy Brown,SF,19,WAS,52,10,730,97,234,22,69,75,165,32,47,35,110,80,21,5,30,56
Jalen Brunson,PG,22,DAL,73,38,1591,264,565,63,181,201,384,87,120,25,144,230,37,4,88,127
Thomas Bryant,C,21,WAS,72,53,1496,309,502,33,99,276,403,107,137,113,341,92,25,67,60,126
Reggie Bullock,SG,27,TOT,63,60,1879,245,594,148,393,97,201,73,85,22,151,129,40,12,65,109
Reggie Bullock,SG,27,DET,44,44,1355,182,441,114,294,68,147,56,64,20,103,109,24,5,54,79
Reggie Bullock,SG,27,LAL,19,16,524,63,153,34,99,29,54,17,21,2,48,20,16,7,11,30
Trey Burke,PG,26,TOT,58,8,1125,236,548,56,159,180,389,103,124,28,71,159,33,7,49,58
Trey Burke,PG,26,NYK,33,7,689,148,358,30,86,118,272,62,75,15,47,94,21,5,29,33
Trey Burke,PG,26,DAL,25,1,436,88,190,26,73,62,117,41,49,13,24,65,12,2,20,25
Alec Burks,SG,27,TOT,64,24,1375,192,474,61,168,131,306,116,141,30,205,128,39,21,65,91
Alec Burks,SG,27,UTA,17,0,269,47,114,16,43,31,71,33,38,2,25,20,6,4,15,22
Alec Burks,SG,27,CLE,34,24,979,136,340,45,119,91,221,79,98,26,160,98,25,16,46,62
Alec Burks,SG,27,SAC,13,0,127,9,20,0,6,9,14,4,5,2,20,10,8,1,4,7
Deonte Burton,SG,25,OKC,32,0,240,33,82,8,27,25,55,8,12,4,24,9,6,8,9,31
Jimmy Butler,SF-SG,29,TOT,65,65,2185,418,904,67,193,351,711,312,365,121,221,263,123,39,95,111
Jimmy Butler,SG,29,MIN,10,10,361,74,157,17,45,57,112,48,61,16,36,43,24,10,14,18
Jimmy Butler,SF,29,PHI,55,55,1824,344,747,50,148,294,599,264,304,105,185,220,99,29,81,93
Bruno Caboclo,SF,23,MEM,34,19,800,96,225,48,130,48,95,42,50,42,116,50,14,33,38,81
Jose Calderon,PG,37,DET,49,0,632,45,120,14,57,31,63,9,11,11,49,115,16,3,35,64
Kentavious Caldwell-Pope,SG,25,LAL,82,23,2035,325,756,151,435,174,321,137,158,48,190,110,73,13,65,137
Isaiah Canaan,PG,27,TOT,30,16,629,64,164,34,96,30,68,19,24,6,52,84,14,2,35,52
Isaiah Canaan,PG,27,PHO,19,15,503,51,129,25,72,26,57,15,20,5,44,62,12,0,29,46
Isaiah Canaan,PG,27,MIN,7,1,95,11,29,7,19,4,10,4,4,0,5,19,2,1,4,4
Isaiah Canaan,PG,27,MIL,4,0,31,2,6,2,5,0,1,0,0,1,3,3,0,1,2,2
Clint Capela,C,24,HOU,67,67,2249,474,732,0,0,474,732,166,261,298,550,96,44,102,94,168
DeMarre Carroll,PF,32,BRK,67,8,1703,227,575,106,310,121,265,184,242,68,281,85,31,10,73,114
Jevon Carter,PG,23,MEM,39,3,577,56,185,34,102,22,83,26,32,14,52,69,26,11,33,55
Vince Carter,SF,42,ATL,76,9,1330,196,468,123,316,73,152,47,66,31,163,87,44,27,48,141
Wendell Carter,C,19,CHI,44,44,1110,180,371,6,32,174,339,89,112,87,220,78,26,58,65,152
Michael Carter-Williams,PG,27,TOT,28,1,372,46,123,10,38,36,85,32,53,19,51,70,20,15,20,48
Michael Carter-Williams,PG,27,HOU,16,1,145,25,61,7,19,18,42,12,26,3,10,21,9,6,10,27
Michael Carter-Williams,PG,27,ORL,12,0,227,21,62,3,19,18,43,20,27,16,41,49,11,9,10,21
Alex Caruso,PG,24,LAL,25,4,531,77,173,24,50,53,123,51,64,20,47,77,24,9,42,54
Omri Casspi,SF,30,MEM,36,0,520,86,161,15,43,71,118,39,58,17,98,26,20,9,23,35
Willie Cauley-Stein,C,25,SAC,81,81,2213,412,741,1,2,411,739,140,254,181,497,194,96,51,84,227
Troy Caupain,PG,23,ORL,4,0,16,4,8,2,3,2,5,0,0,1,2,4,1,0,0,0
Tyler Cavanaugh,PF,24,UTA,11,0,39,3,10,1,5,2,5,2,2,3,5,1,0,0,1,3
Tyson Chandler,C,36,TOT,55,6,875,61,99,0,1,61,98,51,87,92,215,37,21,23,42,110
Tyson Chandler,C,36,PHO,7,0,89,8,12,0,0,8,12,10,18,7,32,6,2,1,7,21
Tyson Chandler,C,36,LAL,48,6,786,53,87,0,1,53,86,41,69,85,183,31,19,22,35,89
Wilson Chandler,PF-SF,31,TOT,51,33,1177,114,273,59,158,55,115,18,25,48,167,82,25,21,46,123
Wilson Chandler,PF,31,PHI,36,32,951,91,207,46,118,45,89,13,18,44,124,72,22,18,39,94
Wilson Chandler,SF,31,LAC,15,1,226,23,66,13,40,10,26,5,7,4,43,10,3,3,7,29
Joe Chealey,PG,23,CHO,1,0,8,1,3,0,0,1,3,0,0,0,0,1,0,0,0,1
Chris Chiozza,PG,23,HOU,7,0,33,2,8,2,5,0,3,0,0,1,3,4,1,1,1,2
Marquese Chriss,PF,21,TOT,43,2,499,67,180,16,72,51,108,32,45,40,102,22,17,11,36,81
Marquese Chriss,PF,21,HOU,16,0,104,11,34,1,15,10,19,6,7,7,21,6,2,4,12,17
Marquese Chriss,PF,21,CLE,27,2,395,56,146,15,57,41,89,26,38,33,81,16,15,7,24,64
Gary Clark,PF,24,HOU,51,2,641,50,151,41,138,9,13,7,7,24,92,18,20,26,7,47
Ian Clark,SG,27,NOP,60,6,973,151,383,66,202,85,181,33,37,13,76,94,22,8,58,95
Jordan Clarkson,SG,26,CLE,81,0,2214,529,1180,144,445,385,735,162,192,82,188,196,57,13,135,112
John Collins,PF,21,ATL,61,59,1829,465,831,55,158,410,673,203,266,219,376,121,22,39,120,199
Zach Collins,C,21,POR,77,0,1356,189,400,40,121,149,279,94,126,109,215,71,25,66,77,174
Darren Collison,PG,31,IND,76,76,2143,308,659,79,194,229,465,158,190,36,196,459,110,9,125,138
Bonzie Colson,SF,23,MIL,8,2,98,13,39,5,21,8,18,8,9,8,22,3,5,1,3,3
Mike Conley,PG,31,MEM,70,70,2342,490,1120,155,426,335,694,343,406,40,199,449,94,22,130,123
Pat Connaughton,SG,26,MIL,61,2,1261,163,350,66,200,97,150,29,40,61,197,122,33,25,33,81
Quinn Cook,PG,25,GSW,74,10,1059,204,439,81,200,123,239,20,26,22,135,116,20,3,50,92
DeMarcus Cousins,C,28,GSW,30,30,771,178,371,26,95,152,276,106,144,43,204,107,40,44,72,109
Robert Covington,SF,28,TOT,35,35,1203,156,362,85,225,71,137,68,89,28,165,46,74,47,47,126
Robert Covington,SF,28,PHI,13,13,440,50,117,30,77,20,40,17,23,7,60,14,24,23,22,45
Robert Covington,SF,28,MIN,22,22,763,106,245,55,148,51,97,51,66,21,105,32,50,24,25,81
Allen Crabbe,SG,26,BRK,43,20,1133,137,373,98,259,39,114,41,56,16,132,46,23,13,46,102
Torrey Craig,SF,28,DEN,75,37,1503,160,362,61,188,99,174,49,70,89,174,72,37,46,44,175
Jamal Crawford,SG,38,PHO,64,0,1211,174,438,67,202,107,236,93,110,8,77,229,33,12,99,75
Mitch Creek,SF,26,TOT,5,0,48,8,16,0,2,8,14,5,7,6,6,6,2,0,1,3
Mitch Creek,SF,26,BRK,4,0,36,5,10,0,1,5,9,5,7,5,5,5,1,0,0,3
Mitch Creek,SF,26,MIN,1,0,12,3,6,0,1,3,5,0,0,1,1,1,1,0,1,0
Jae Crowder,SF,28,UTA,80,11,2166,318,797,173,522,145,275,142,197,60,324,133,64,31,85,170
Dante Cunningham,PF,31,SAS,64,21,928,75,158,30,65,45,93,14,18,48,140,50,27,13,22,71
Seth Curry,SG,28,POR,74,2,1399,212,465,113,251,99,214,44,52,27,93,66,36,12,61,97
Stephen Curry,PG,30,GSW,69,69,2331,632,1340,354,810,278,530,263,287,45,324,361,92,25,192,166
Troy Daniels,SG,27,PHO,51,1,760,113,275,74,194,39,81,18,23,13,60,26,26,5,27,79
Anthony Davis,C,25,NOP,56,56,1850,530,1026,48,145,482,881,344,433,174,498,218,88,135,112,132
Deyonta Davis,C,22,ATL,9,0,118,15,22,0,1,15,21,6,10,10,26,5,3,5,3,12
Ed Davis,C,29,BRK,81,1,1446,186,302,0,2,186,300,100,162,216,478,61,35,33,64,226
Tyler Davis,C,21,OKC,1,0,1,0,1,0,0,0,1,0,0,1,0,0,0,0,0,0
Dewayne Dedmon,C,29,ATL,64,52,1609,259,526,83,217,176,309,92,113,105,375,90,69,71,84,214
Sam Dekker,PF,24,TOT,47,5,788,120,256,19,62,101,194,28,46,53,95,46,38,7,24,47
Sam Dekker,PF,24,CLE,9,5,169,22,48,5,13,17,35,8,10,9,24,9,11,0,5,13
Sam Dekker,PF,24,WAS,38,0,619,98,208,14,49,84,159,20,36,44,71,37,27,7,19,34
Angel Delgado,C,24,LAC,2,0,15,1,5,0,0,1,5,1,2,2,2,0,1,0,0,2
Matthew Dellavedova,PG,28,TOT,48,0,812,98,242,44,130,54,112,42,52,6,71,181,14,2,68,75
Matthew Dellavedova,PG,28,MIL,12,0,97,6,19,4,11,2,8,4,4,0,10,29,2,0,11,9
Matthew Dellavedova,PG,28,CLE,36,0,715,92,223,40,119,52,104,38,48,6,61,152,12,2,57,66
Luol Deng,SF,33,MIN,22,2,392,59,118,14,44,45,74,25,35,20,53,18,15,8,14,24
DeMar DeRozan,SG,29,SAS,77,77,2688,631,1313,7,45,624,1268,366,441,54,408,475,86,36,199,177
Marcus Derrickson,PF,22,GSW,11,0,67,16,33,10,20,6,13,4,5,8,5,1,0,1,3,9
Cheick Diallo,PF,22,NOP,64,1,896,168,271,1,4,167,267,50,67,75,257,33,29,33,49,113
Hamidou Diallo,SG,20,OKC,51,3,526,75,165,4,24,71,141,36,59,38,59,17,21,10,23,77
Gorgui Dieng,C,29,MIN,76,2,1031,189,377,19,56,170,321,88,106,81,230,72,48,41,57,134
Spencer Dinwiddie,PG,25,BRK,68,4,1914,366,828,124,370,242,458,287,356,26,140,311,40,17,152,187
Donte DiVincenzo,SG,22,MIL,27,0,411,50,124,22,83,28,41,9,12,16,49,31,13,6,19,38
Luka Doncic,SG,19,DAL,72,72,2318,506,1186,168,514,338,672,346,485,86,477,429,77,25,247,137
Tyler Dorsey,SG,22,TOT,48,11,698,107,264,44,132,63,132,38,61,27,86,56,14,2,27,53
Tyler Dorsey,SG,22,ATL,27,0,251,32,89,10,39,22,50,16,26,9,34,17,7,1,10,20
Tyler Dorsey,SG,22,MEM,21,11,447,75,175,34,93,41,82,22,35,18,52,39,7,1,17,33
Damyean Dotson,SG,24,NYK,73,40,2004,290,698,126,342,164,356,73,98,34,228,135,58,10,71,135
PJ Dozier,SG,22,BOS,6,0,51,8,21,2,8,6,13,1,2,6,11,5,2,0,0,2
Goran Dragic,PG,32,MIA,36,22,991,179,433,57,164,122,269,79,101,20,91,174,30,5,71,81
Andre Drummond,C,25,DET,79,79,2647,561,1052,5,38,556,1014,243,412,423,809,112,136,138,175,272
Jared Dudley,PF,33,BRK,59,25,1220,101,239,53,151,48,88,32,46,34,121,83,36,16,43,131
Kris Dunn,PG,24,CHI,46,44,1389,215,506,34,96,181,410,55,69,19,168,277,68,21,104,166
Kevin Durant,PF,30,GSW,78,78,2702,721,1383,137,388,584,995,448,506,33,464,457,58,84,225,155
Trevon Duval,PG,20,MIL,3,0,6,2,3,1,1,1,2,0,0,0,1,2,0,0,0,0
Vince Edwards,SF,22,HOU,2,0,16,1,4,1,4,0,0,0,0,1,1,0,0,0,0,0
Henry Ellenson,PF,22,TOT,19,0,259,39,95,17,38,22,57,19,25,5,61,16,7,2,9,27
Henry Ellenson,PF,22,DET,2,0,25,4,10,2,4,2,6,2,2,0,9,1,0,0,0,2
Henry Ellenson,PF,22,NYK,17,0,234,35,85,15,34,20,51,17,23,5,52,15,7,2,9,25
Wayne Ellington,SG,31,TOT,53,38,1297,184,457,138,372,46,85,39,49,14,93,72,54,6,40,92
Wayne Ellington,SG,31,MIA,25,12,533,69,184,57,155,12,29,14,16,6,41,29,24,3,14,40
Wayne Ellington,SG,31,DET,28,26,764,115,273,81,217,34,56,25,33,8,52,43,30,3,26,52
Joel Embiid,C,24,PHI,64,64,2154,580,1199,79,263,501,936,522,649,160,711,234,46,122,226,211
James Ennis,SF,28,TOT,58,27,1230,138,294,55,156,83,138,58,81,60,122,41,41,23,34,150
James Ennis,SF,28,HOU,40,25,949,104,211,44,120,60,91,42,58,37,80,27,38,16,23,111
James Ennis,SF,28,PHI,18,2,281,34,83,11,36,23,47,16,23,23,42,14,3,7,11,39
Drew Eubanks,PF,21,SAS,23,0,113,15,26,0,0,15,26,11,13,6,28,7,2,5,8,11
Jacob Evans,SG,21,GSW,30,1,204,18,53,4,15,14,38,0,1,6,19,23,5,3,11,28
Jawun Evans,PG,22,TOT,8,0,65,3,14,0,3,3,11,0,0,1,11,10,3,0,6,8
Jawun Evans,PG,22,PHO,7,0,64,3,13,0,2,3,11,0,0,1,11,10,3,0,6,8
Jawun Evans,PG,22,OKC,1,0,1,0,1,0,1,0,0,0,0,0,0,0,0,0,0,0
Tyreke Evans,SG,29,IND,69,18,1402,257,660,77,216,180,444,115,160,33,168,166,58,18,118,117
Dante Exum,PG,23,UTA,42,1,664,101,241,18,62,83,179,68,86,16,52,110,14,5,52,69
Kenneth Faried,C,29,TOT,37,13,728,156,265,8,25,148,240,64,99,97,153,20,17,23,33,82
Kenneth Faried,C,29,BRK,12,0,118,25,42,1,5,24,37,10,16,15,29,2,2,4,6,8
Kenneth Faried,C,29,HOU,25,13,610,131,223,7,20,124,203,54,83,82,124,18,15,19,27,74
Derrick Favors,C,27,UTA,76,70,1766,363,619,17,78,346,541,154,228,207,353,89,56,106,84,163
Cristiano Felicio,C,26,CHI,60,0,746,95,179,0,4,95,175,50,73,79,139,37,11,7,33,69
Raymond Felton,PG,34,OKC,33,0,379,55,135,20,61,35,74,12,13,4,30,52,10,6,14,29
Terrance Ferguson,SG,20,OKC,74,74,1931,185,431,106,290,79,141,37,51,33,108,72,40,16,47,231
Yogi Ferrell,PG,25,SAC,71,3,1067,153,352,54,149,99,203,60,67,13,96,137,36,4,40,64
Dorian Finney-Smith,SF,25,DAL,81,26,1985,228,528,79,254,149,274,73,103,138,251,95,69,36,74,186
Bryn Forbes,SG,25,SAS,82,81,2293,361,791,176,413,185,378,69,78,18,221,175,45,4,80,159
Evan Fournier,SG,26,ORL,81,81,2553,468,1069,153,450,315,619,137,170,38,220,295,71,12,154,225
De'Aaron Fox,PG,21,SAC,81,81,2546,505,1102,86,232,419,870,303,417,43,261,590,133,45,227,204
Melvin Frazier,SG,22,ORL,10,0,44,7,21,0,6,7,15,1,4,3,2,1,1,0,1,6
Tim Frazier,PG,28,TOT,59,19,1120,116,261,37,101,79,160,41,54,41,127,248,30,5,76,112
Tim Frazier,PG,28,NOP,47,17,909,88,195,27,77,61,118,32,41,32,105,206,25,4,60,93
Tim Frazier,PG,28,MIL,12,2,211,28,66,10,24,18,42,9,13,9,22,42,5,1,16,19
Jimmer Fredette,SG,29,PHO,6,0,65,8,29,0,13,8,16,6,6,1,6,8,3,0,5,5
Channing Frye,C,35,CLE,36,6,341,43,117,32,79,11,38,11,14,4,48,20,6,5,13,44
Markelle Fultz,SG,20,PHI,19,15,427,65,155,4,14,61,141,21,37,26,44,59,17,5,25,52
Danilo Gallinari,SF,30,LAC,68,68,2059,409,884,161,372,248,512,367,406,54,363,178,49,23,99,129
Langston Galloway,SG,27,DET,80,4,1745,228,587,135,380,93,207,81,96,49,122,85,37,8,24,135
Billy Garrett,SG,24,NYK,4,0,63,11,27,0,8,11,19,4,4,0,3,7,1,1,2,3
Marc Gasol,C,34,TOT,79,72,2436,390,870,99,273,291,597,192,253,80,547,349,84,86,155,217
Marc Gasol,C,34,MEM,53,53,1788,303,683,76,221,227,462,152,201,56,399,248,60,63,119,147
Marc Gasol,C,34,TOR,26,19,648,87,187,23,52,64,135,40,52,24,148,101,24,23,36,70
Pau Gasol,C,38,TOT,30,6,360,42,94,6,13,36,81,28,40,22,115,52,5,15,16,29
Pau Gasol,C,38,SAS,27,6,330,41,88,5,10,36,78,27,38,22,105,50,5,14,14,28
Pau Gasol,C,38,MIL,3,0,30,1,6,1,3,0,3,1,2,0,10,2,0,1,2,1
Rudy Gay,PF,32,SAS,69,51,1842,376,746,74,184,302,562,120,147,63,407,182,54,34,114,159
Paul George,SF,28,OKC,77,77,2841,707,1614,292,757,415,857,453,540,105,523,318,170,34,205,214
Taj Gibson,PF,33,MIN,70,57,1686,304,537,11,34,293,503,134,177,172,286,84,53,39,73,186
Harry Giles,PF,20,SAC,58,0,820,175,348,0,6,175,342,58,91,66,156,85,31,22,73,150
Shai Gilgeous-Alexander,PG,20,LAC,82,73,2174,341,716,51,139,290,577,156,195,57,175,270,96,45,141,175
Rudy Gobert,C,26,UTA,81,80,2577,476,712,0,0,476,712,332,522,309,732,161,66,187,130,231
Brandon Goodwin,PG,23,DEN,16,0,57,6,23,2,6,4,17,9,11,1,2,14,0,0,3,7
Aaron Gordon,PF,23,ORL,78,78,2633,470,1046,121,347,349,699,185,253,129,445,289,57,56,162,172
Eric Gordon,SG,30,HOU,68,53,2158,384,938,216,600,168,338,119,152,17,131,129,41,27,90,143
Marcin Gortat,C,34,LAC,47,43,751,99,186,0,0,99,186,35,48,67,194,65,6,24,50,92
Devonte' Graham,PG,23,CHO,46,3,676,74,216,34,121,40,95,35,46,10,53,121,23,2,30,48
Treveon Graham,SG,25,BRK,35,21,715,64,191,38,128,26,63,18,22,23,84,34,13,7,17,68
Jerami Grant,PF,24,OKC,80,77,2612,409,823,115,293,294,530,157,221,96,321,79,61,100,67,214
Jerian Grant,PG,26,ORL,60,1,939,92,220,40,110,52,110,26,40,19,79,156,44,6,51,78
Donte Grantham,SF,23,OKC,3,0,2,0,2,0,2,0,0,0,0,0,0,0,0,0,0,0
Danny Green,SG,31,TOR,80,80,2216,293,630,198,435,95,195,37,44,60,257,126,73,53,75,171
Draymond Green,PF,28,GSW,66,66,2065,188,422,47,165,141,257,63,91,60,421,454,95,70,169,197
Gerald Green,SG,33,HOU,73,0,1473,231,578,156,441,75,137,57,68,30,152,40,33,27,55,126
JaMychal Green,PF,28,TOT,65,6,1371,230,476,71,176,159,300,80,101,104,305,50,45,34,87,193
JaMychal Green,PF,28,MEM,41,4,900,151,312,38,96,113,216,63,80,72,180,36,33,26,64,123
JaMychal Green,PF,28,LAC,24,2,471,79,164,33,80,46,84,17,21,32,125,14,12,8,23,70
Jeff Green,PF,32,WAS,77,44,2097,326,687,111,320,215,367,183,206,57,252,137,43,39,101,160
Blake Griffin,PF,29,DET,75,75,2622,619,1341,189,522,430,819,414,550,100,465,402,52,28,253,199
Daniel Hamilton,SG,23,ATL,19,3,204,23,60,8,23,15,37,3,6,10,37,22,6,1,16,19
Dusty Hannahs,SG,25,MEM,2,0,26,3,12,0,5,3,7,2,2,0,1,5,1,0,1,1
Tim Hardaway,SG,26,TOT,65,63,2057,390,993,162,477,228,516,232,276,33,189,159,54,8,105,141
Tim Hardaway,SG,26,NYK,46,46,1499,282,726,117,337,165,389,199,233,26,135,122,42,6,81,106
Tim Hardaway,SG,26,DAL,19,17,558,108,267,45,140,63,127,33,43,7,54,37,12,2,24,35
James Harden,PG,29,HOU,78,78,2867,843,1909,378,1028,465,881,754,858,66,452,586,158,58,387,244
Maurice Harkless,SF,25,POR,60,53,1415,189,388,33,120,156,268,49,73,77,192,74,67,53,45,163
Montrezl Harrell,C,25,LAC,82,5,2158,546,888,3,17,543,871,266,414,184,351,162,71,110,132,255
Devin Harris,PG,35,DAL,68,2,1071,132,347,62,200,70,147,102,134,12,100,122,35,16,56,133
Gary Harris,SG,24,DEN,57,48,1639,270,637,82,242,188,395,115,144,41,119,127,55,19,68,113
Joe Harris,SG,27,BRK,76,76,2293,374,748,183,386,191,362,110,133,52,239,181,38,17,121,182
Tobias Harris,PF,26,TOT,82,82,2847,611,1254,156,393,455,861,266,307,69,576,229,51,37,151,184
Tobias Harris,PF,26,LAC,55,55,1903,424,855,112,258,312,597,192,219,37,395,150,40,24,109,123
Tobias Harris,PF,26,PHI,27,27,944,187,399,44,135,143,264,74,88,32,181,79,11,13,42,61
Andrew Harrison,PG,24,TOT,17,0,187,16,53,5,25,11,28,17,18,6,14,24,4,2,12,34
Andrew Harrison,PG,24,MEM,1,0,5,1,2,0,1,1,1,0,0,0,0,0,0,0,0,1
Andrew Harrison,PG,24,CLE,10,0,144,12,39,3,14,9,25,16,16,4,11,17,4,2,10,26
Andrew Harrison,PG,24,NOP,6,0,38,3,12,2,10,1,2,1,2,2,3,7,0,0,2,7
Shaquille Harrison,PG,25,CHI,73,11,1430,184,426,24,89,160,337,82,123,33,189,139,89,30,60,124
Josh Hart,SG,23,LAL,67,22,1715,189,464,92,274,97,190,55,80,35,213,93,64,40,58,147
Isaiah Hartenstein,PF,20,HOU,28,0,221,20,41,2,6,18,35,11,14,21,26,15,7,12,13,56
Udonis Haslem,C,38,MIA,10,1,74,11,33,0,12,11,21,3,4,3,24,2,0,0,3,9
Gordon Hayward,PF,28,BOS,72,18,1863,296,635,77,231,219,404,156,187,51,271,244,62,23,105,104
John Henson,C,28,MIL,14,0,188,31,67,11,31,20,36,6,10,16,55,14,7,11,12,16
Juan Hernangomez,PF,23,DEN,70,25,1358,138,314,66,181,72,133,66,86,64,201,55,27,24,37,94
Willy Hernangomez,C,24,CHO,58,3,812,153,295,15,39,138,256,100,144,117,194,60,16,20,58,98
Mario Hezonja,SF,23,NYK,58,24,1206,191,464,42,152,149,312,87,114,28,211,88,57,8,88,110
Isaiah Hicks,PF,24,NYK,3,0,32,4,8,0,0,4,8,4,5,2,5,2,1,3,1,5
Buddy Hield,SG,26,SAC,82,82,2615,623,1360,278,651,345,709,171,193,106,306,205,58,33,146,202
Haywood Highsmith,SF,22,PHI,5,0,40,4,10,1,5,3,5,0,2,0,5,2,1,0,1,1
Nene Hilario,C,36,HOU,42,2,546,60,116,0,3,60,113,31,47,34,89,26,18,15,11,87
George Hill,PG,32,TOT,60,13,1302,170,376,48,153,122,223,70,85,39,109,135,52,8,51,102
George Hill,PG,32,CLE,13,13,344,55,107,13,28,42,79,17,20,12,15,36,12,1,20,35
George Hill,PG,32,MIL,47,0,958,115,269,35,125,80,144,53,65,27,94,99,40,7,31,67
Solomon Hill,SF,27,NOP,44,15,878,68,178,32,101,36,77,23,32,34,99,55,23,10,31,80
Aaron Holiday,PG,22,IND,50,0,646,105,262,43,127,62,135,41,50,5,62,87,21,13,40,71
Jrue Holiday,SG,28,NOP,67,67,2402,547,1159,118,363,429,796,208,271,75,259,518,109,54,210,148
Justin Holiday,SG,29,TOT,82,77,2607,300,777,162,465,138,312,95,106,46,277,146,121,36,104,164
Justin Holiday,SG,29,CHI,38,38,1325,151,394,97,270,54,124,41,46,19,150,85,67,21,47,79
Justin Holiday,SG,29,MEM,44,39,1282,149,383,65,195,84,188,54,60,27,127,61,54,15,57,85
John Holland,SF,30,CLE,1,0,1,0,0,0,0,0,0,0,0,0,0,0,0,0,0,0
Rondae Hollis-Jefferson,SF,24,BRK,59,21,1234,200,487,9,49,191,438,118,183,83,227,96,44,27,68,107
Richaun Holmes,C,25,PHO,70,4,1184,222,365,0,0,222,365,128,175,115,216,60,42,79,52,194
Rodney Hood,SG,26,TOT,72,49,1893,292,671,84,236,208,435,137,155,25,132,126,59,12,55,146
Rodney Hood,SG,26,CLE,45,45,1234,194,454,55,152,139,302,104,114,18,94,92,38,5,36,101
Rodney Hood,SG,26,POR,27,4,659,98,217,29,84,69,133,33,41,7,38,34,21,7,19,45
Al Horford,C,32,BOS,68,68,1973,387,723,73,203,314,520,78,95,120,338,283,59,86,102,126
Danuel House,SF,25,HOU,39,13,979,118,252,74,178,44,74,56,71,25,115,40,21,11,35,80
Dwight Howard,C,33,WAS,9,9,230,43,69,0,0,43,69,29,48,24,59,4,7,4,16,34
Kevin Huerter,SG,20,ATL,75,59,2048,275,657,136,353,139,304,41,56,60,185,214,65,25,109,155
Isaac Humphries,C,21,ATL,5,1,56,6,21,3,11,3,10,0,0,4,7,0,1,0,0,7
R.J. Hunter,SG,25,BOS,1,0,26,6,13,4,10,2,3,1,2,1,2,3,1,0,0,3
Chandler Hutchison,SF,22,CHI,44,14,895,96,209,14,50,82,159,23,38,31,154,34,23,6,25,59
Serge Ibaka,C,29,TOR,74,51,2010,464,877,49,169,415,708,135,177,156,445,99,29,103,114,211
Andre Iguodala,SF,35,GSW,68,13,1578,151,302,48,144,103,158,39,67,48,204,216,61,51,52,95
Ersan Ilyasova,PF,31,MIL,67,7,1231,167,381,58,160,109,221,61,74,94,208,52,32,20,48,172
Joe Ingles,PF,31,UTA,82,82,2568,359,802,189,483,170,319,87,123,35,295,469,98,20,193,180
Andre Ingram,SG,33,LAL,4,0,15,0,6,0,3,0,3,0,0,1,1,0,1,0,1,0
Brandon Ingram,SF,21,LAL,52,52,1760,362,729,31,94,331,635,195,289,41,226,154,28,31,129,149
Kyrie Irving,PG,26,BOS,67,67,2214,604,1241,174,434,430,807,214,245,71,264,464,103,34,172,167
Jonathan Isaac,PF,21,ORL,75,64,1996,262,611,86,266,176,345,110,135,99,312,80,59,98,75,143
Wesley Iwundu,SF,24,ORL,68,13,1233,113,274,29,79,84,195,84,103,37,147,73,28,22,44,123
Demetrius Jackson,PG,24,PHI,6,0,39,8,15,2,6,6,9,4,4,2,1,5,2,0,1,4
Frank Jackson,PG,20,NOP,61,16,1169,194,447,53,169,141,278,54,73,25,109,69,25,2,48,92
Jaren Jackson,PF,19,MEM,58,56,1515,298,589,51,142,247,447,151,197,73,199,64,52,82,98,220
Josh Jackson,SG,21,PHO,79,29,1988,347,841,73,225,274,616,143,213,66,281,183,74,56,173,209
Justin Jackson,SF,23,TOT,81,14,1614,217,485,87,245,130,240,62,79,44,168,96,32,14,29,99
Justin Jackson,SF,23,SAC,52,3,1083,125,295,55,159,70,136,41,50,25,121,68,23,13,22,67
Justin Jackson,SF,23,DAL,29,11,531,92,190,32,86,60,104,21,29,19,47,28,9,1,7,32
Reggie Jackson,PG,28,DET,82,82,2289,441,1047,174,471,267,576,204,236,45,171,344,55,9,148,208
LeBron James,SF,34,LAL,55,55,1937,558,1095,111,327,447,768,278,418,57,408,454,72,33,197,94
Amile Jefferson,PF,25,ORL,12,0,68,10,16,0,0,10,16,7,8,6,15,3,3,3,1,8
John Jenkins,SG,27,TOT,26,0,333,42,105,22,58,20,47,15,18,6,31,22,0,2,9,10
John Jenkins,SG,27,WAS,4,0,14,2,2,2,2,0,0,0,0,0,1,1,0,0,0,0
John Jenkins,SG,27,NYK,22,0,319,40,103,20,56,20,47,15,18,6,30,21,0,2,9,10
Jonas Jerebko,PF,31,GSW,73,6,1218,163,355,69,188,94,167,64,80,72,216,96,27,18,43,137
Alize Johnson,PF,22,IND,14,0,64,4,16,1,2,3,14,4,8,4,15,1,1,3,0,7
Amir Johnson,C,31,PHI,51,6,529,79,157,12,40,67,117,31,41,47,100,60,16,13,45,99
B.J. Johnson,SF,23,TOT,7,0,49,9,18,3,7,6,11,2,2,2,6,0,2,0,2,4
B.J. Johnson,SF,23,ATL,6,0,43,8,16,3,6,5,10,2,2,2,6,0,2,0,2,3
B.J. Johnson,SF,23,SAC,1,0,6,1,2,0,1,1,1,0,0,0,0,0,0,0,0,1
James Johnson,PF,31,MIA,55,33,1164,164,379,50,149,114,230,50,70,22,154,135,35,27,74,114
Stanley Johnson,SF,22,TOT,66,7,1208,171,440,62,215,109,225,50,64,34,183,88,60,14,81,114
Stanley Johnson,SF,22,DET,48,7,961,133,349,51,181,82,168,41,51,25,150,60,48,13,55,92
Stanley Johnson,SF,22,NOP,18,0,247,38,91,11,34,27,57,9,13,9,33,28,12,1,26,22
Tyler Johnson,PG,26,TOT,57,22,1529,217,526,90,260,127,266,95,127,34,139,166,54,27,77,97
Tyler Johnson,PG,26,MIA,44,10,1123,171,401,72,204,99,197,61,88,19,102,112,40,21,63,72
Tyler Johnson,PG,26,PHO,13,12,406,46,125,18,56,28,69,34,39,15,37,54,14,6,14,25
Wesley Johnson,SF,31,TOT,38,13,534,45,128,25,76,20,52,13,19,12,60,23,14,12,18,63
Wesley Johnson,SF,31,NOP,26,13,377,35,88,19,50,16,38,6,9,10,44,16,12,7,12,45
Wesley Johnson,SF,31,WAS,12,0,157,10,40,6,26,4,14,7,10,2,16,7,2,5,6,18
Nikola Jokic,C,23,DEN,80,80,2504,616,1206,83,270,533,936,289,352,228,637,580,108,55,248,228
Damian Jones,C,23,GSW,24,22,410,53,74,0,0,53,74,24,37,31,44,28,12,25,16,63
Derrick Jones,SF,21,MIA,60,14,1153,160,324,28,91,132,233,74,122,96,144,37,46,42,43,123
Jalen Jones,SF,25,CLE,16,0,214,26,62,10,28,16,34,19,27,11,23,7,9,2,8,27
Jemerrio Jones,SF,23,LAL,6,2,143,12,33,2,10,10,23,1,2,16,33,13,7,5,5,10
Terrence Jones,PF,27,HOU,2,0,5,1,4,0,2,1,2,0,1,0,4,0,0,0,1,1
Tyus Jones,PG,22,MIN,68,23,1560,185,446,40,126,145,320,58,69,23,111,327,81,5,47,78
DeAndre Jordan,C,30,TOT,69,69,2047,286,446,0,0,286,446,186,264,225,677,156,42,73,153,167
DeAndre Jordan,C,30,DAL,50,50,1554,208,323,0,0,208,323,135,198,161,525,99,33,53,111,125
DeAndre Jordan,C,30,NYK,19,19,493,78,123,0,0,78,123,51,66,64,152,57,9,20,42,42
Cory Joseph,PG,27,IND,82,9,2063,226,548,55,171,171,377,30,43,39,240,321,94,22,80,131
Frank Kaminsky,C,25,CHO,47,0,755,138,298,50,139,88,159,79,107,39,124,63,12,12,41,68
Enes Kanter,C,26,TOT,67,31,1640,375,683,10,34,365,649,155,197,257,402,116,32,26,118,167
Enes Kanter,C,26,NYK,44,23,1128,251,468,7,22,244,446,105,129,171,290,84,18,17,79,106
Enes Kanter,C,26,POR,23,8,512,124,215,3,12,121,203,50,68,86,112,32,14,9,39,61
Luke Kennard,SG,22,DET,63,10,1437,228,520,106,269,122,251,51,61,12,171,114,26,10,57,92
Michael Kidd-Gilchrist,PF,25,CHO,64,3,1179,158,332,16,47,142,285,95,123,88,158,61,32,39,43,156
George King,SF,25,PHO,1,0,6,0,0,0,0,0,0,0,0,0,1,0,0,0,0,0
Maxi Kleber,PF,27,DAL,71,18,1502,175,386,77,218,98,168,58,74,90,239,70,36,78,54,143
Brandon Knight,PG,27,TOT,39,26,736,99,260,41,129,58,131,27,34,10,49,71,21,2,30,62
Brandon Knight,PG,27,HOU,12,0,118,11,47,5,32,6,15,9,11,1,8,9,2,0,5,14
Brandon Knight,PG,27,CLE,27,26,618,88,213,36,97,52,116,18,23,9,41,62,19,2,25,48
Kevin Knox,PF,19,NYK,75,57,2158,338,914,125,364,213,550,162,226,61,274,82,43,24,114,175
Furkan Korkmaz,SG,21,PHI,48,7,679,98,245,47,144,51,101,36,44,16,91,52,29,2,25,62
Luke Kornet,PF,23,NYK,46,18,784,107,283,70,193,37,90,38,46,28,107,54,27,42,25,41
Kyle Korver,SG-PF,37,TOT,70,0,1334,201,483,138,348,63,135,60,73,9,153,81,25,12,59,106
Kyle Korver,PF,37,CLE,16,0,251,35,76,25,54,10,22,13,16,0,29,17,3,2,17,22
Kyle Korver,SG,37,UTA,54,0,1083,166,407,113,294,53,113,47,57,9,124,64,22,10,42,84
Kosta Koufos,C,29,SAC,42,1,502,73,153,0,0,73,153,10,24,52,125,36,15,18,27,68
Rodions Kurucs,SF,20,BRK,63,46,1294,202,449,58,184,144,265,72,92,56,190,52,41,25,77,146
Kyle Kuzma,PF,23,LAL,70,68,2314,496,1087,128,422,368,665,188,250,60,322,178,41,26,133,170
Skal Labissiere,PF,22,TOT,22,1,176,26,49,6,13,20,36,9,17,9,34,11,5,6,11,29
Skal Labissiere,PF,22,SAC,13,0,113,13,30,4,11,9,19,6,11,4,20,6,2,3,7,21
Skal Labissiere,PF,22,POR,9,1,63,13,19,2,2,11,17,3,6,5,14,5,3,3,4,8
Jeremy Lamb,SG,26,CHO,79,55,2250,431,979,115,330,316,649,231,260,65,369,172,88,32,80,140
Zach LaVine,SG,23,CHI,63,62,2171,530,1135,120,321,410,814,312,375,40,254,283,60,26,215,140
Jake Layman,SF,24,POR,71,33,1327,216,424,59,181,157,243,50,71,56,161,53,31,30,46,116
T.J. Leaf,PF,21,IND,58,1,522,99,183,8,31,91,152,19,31,43,82,24,9,19,12,35
Courtney Lee,SG,33,TOT,34,6,428,53,129,16,55,37,74,14,21,9,45,37,21,3,14,32
Courtney Lee,SG,33,NYK,12,2,160,21,47,5,16,16,31,9,14,6,21,16,8,2,5,13
Courtney Lee,SG,33,DAL,22,4,268,32,82,11,39,21,43,5,7,3,24,21,13,1,9,19
Damion Lee,SG,26,GSW,32,0,375,56,127,27,68,29,59,19,22,8,56,13,13,0,11,28
Walt Lemon,PG,26,CHI,6,3,167,38,87,2,5,36,82,8,11,4,23,30,11,1,10,14
Alex Len,C,25,ATL,77,31,1544,320,648,74,204,246,444,140,216,158,266,86,27,69,97,200
Kawhi Leonard,SF,27,TOR,60,60,2040,560,1129,112,302,448,827,364,426,78,361,199,106,24,121,87
Meyers Leonard,C,26,POR,61,2,878,132,242,50,111,82,131,43,51,49,184,75,13,9,43,105
Jon Leuer,PF,29,DET,41,1,402,66,113,1,11,65,102,23,31,27,70,14,12,4,23,60
Caris LeVert,SF,24,BRK,40,25,1063,207,483,48,154,159,329,85,123,35,116,156,42,14,69,77
Damian Lillard,PG,28,POR,80,80,2838,681,1533,237,643,444,890,468,513,68,303,551,88,34,212,148
Jeremy Lin,PG,30,TOT,74,4,1436,238,541,55,187,183,354,176,210,22,157,231,47,13,124,144
Jeremy Lin,PG,30,ATL,51,1,1003,180,386,44,132,136,254,142,168,16,103,181,38,7,98,96
Jeremy Lin,PG,30,TOR,23,3,433,58,155,11,55,47,100,34,42,6,54,50,9,6,26,48
Shaun Livingston,PG,33,GSW,64,0,967,109,210,0,2,109,208,40,51,42,75,114,31,27,38,74
Zach Lofton,SG,26,DET,1,0,4,0,1,0,1,0,0,0,0,0,0,0,1,0,1,0
Kevon Looney,C,22,GSW,80,24,1481,217,347,1,10,216,337,65,105,194,223,123,46,53,51,211
Brook Lopez,C,30,MIL,81,81,2322,355,786,187,512,168,274,112,133,33,363,98,51,179,82,189
Robin Lopez,C,30,CHI,74,36,1606,304,535,7,31,297,504,89,123,140,146,89,11,78,96,124
Kevin Love,PF,30,CLE,22,21,598,109,283,53,147,56,136,103,114,33,206,48,6,5,42,54
Kyle Lowry,PG,32,TOR,65,65,2213,304,739,157,453,147,286,161,194,41,271,564,91,31,182,166
Jordan Loyd,PG,25,TOR,12,0,55,8,18,4,8,4,10,9,11,1,8,6,0,0,2,5
Kalin Lucas,PG,29,DET,1,0,6,0,1,0,1,0,0,2,2,0,3,1,0,0,0,1
Timothe Luwawu-Cabarrot,SF,23,TOT,50,7,669,82,218,36,116,46,102,31,41,11,86,26,19,8,21,73
Timothe Luwawu-Cabarrot,SF,23,OKC,21,1,123,13,43,5,22,8,21,4,6,4,14,4,4,1,5,14
Timothe Luwawu-Cabarrot,SF,23,CHI,29,6,546,69,175,31,94,38,81,27,35,7,72,22,15,7,16,59
Tyler Lydon,PF,22,DEN,25,0,94,9,18,4,10,5,8,1,3,7,11,6,2,0,4,10
Trey Lyles,PF,23,DEN,64,2,1120,207,495,51,200,156,295,81,116,44,202,87,30,23,68,93
Scott Machado,PG,28,LAL,4,0,19,4,6,1,1,3,5,1,1,0,0,3,1,0,0,2
Shelvin Mack,PG,28,TOT,57,3,1246,163,403,46,130,117,273,58,84,18,86,183,47,4,66,84
Shelvin Mack,PG,28,MEM,53,3,1204,161,389,46,128,115,261,53,75,18,84,182,45,4,62,81
Shelvin Mack,PG,28,CHO,4,0,42,2,14,0,2,2,12,5,9,0,2,1,2,0,4,3
Daryl Macon,SG,23,DAL,8,0,90,10,27,5,11,5,16,4,7,2,10,7,1,0,6,8
J.P. Macura,SG,23,CHO,2,0,17,3,9,0,4,3,5,0,0,0,3,2,0,0,0,0
Ian Mahinmi,C,32,WAS,34,6,498,47,104,3,16,44,88,42,61,48,80,25,25,16,21,84
Thon Maker,C-PF,21,TOT,64,5,972,109,268,49,153,60,115,56,84,41,161,45,21,51,33,105
Thon Maker,C,21,MIL,35,0,409,59,134,26,78,33,56,20,37,17,79,18,10,18,9,55
Thon Maker,PF,21,DET,29,5,563,50,134,23,75,27,59,36,47,24,82,27,11,33,24,50
Boban Marjanovic,C,30,TOT,58,12,681,160,260,4,10,156,250,98,131,87,178,54,16,27,59,90
Boban Marjanovic,C,30,LAC,36,9,376,85,140,0,2,85,138,72,95,55,97,22,11,17,37,57
Boban Marjanovic,C,30,PHI,22,3,305,75,120,4,8,71,112,26,36,32,81,32,5,10,22,33
Lauri Markkanen,PF,21,CHI,52,51,1682,342,795,120,332,222,463,170,195,74,396,75,37,33,85,122
Jarell Martin,PF,24,ORL,42,1,328,43,104,20,57,23,47,9,11,11,62,18,3,8,11,51
Frank Mason,PG,24,SAC,38,0,435,71,169,14,64,57,105,39,57,6,37,84,16,4,36,34
Yante Maten,PF,22,MIA,2,0,13,1,4,0,1,1,3,0,0,1,2,0,1,0,0,0
Wesley Matthews,SF-SG,32,TOT,69,68,2091,279,698,150,403,129,295,132,163,32,138,160,54,17,91,160
Wesley Matthews,SF,32,DAL,44,44,1312,194,469,100,263,94,206,87,110,20,82,100,33,12,58,102
Wesley Matthews,SG,32,NYK,2,1,54,4,19,2,10,2,9,4,5,1,2,5,1,1,2,2
Wesley Matthews,SG,32,IND,23,23,725,81,210,48,130,33,80,41,48,11,54,55,20,4,31,56
Luc Mbah a Moute,PF,32,LAC,4,0,61,8,18,2,6,6,12,2,5,2,5,2,1,1,2,8
Tahjere McCall,SG,24,BRK,1,0,8,2,3,0,1,2,2,0,1,0,1,0,0,0,0,2
Patrick McCaw,SG,23,TOT,29,1,397,26,63,9,28,17,35,13,15,7,41,29,23,2,17,38
Patrick McCaw,SG,23,CLE,3,0,53,2,9,1,4,1,5,0,0,0,3,2,2,0,3,1
Patrick McCaw,SG,23,TOR,26,1,344,24,54,8,24,16,30,13,15,7,38,27,21,2,14,37
CJ McCollum,SG,27,POR,70,70,2375,571,1243,167,445,404,798,159,192,62,220,207,55,28,106,172
T.J. McConnell,PG,26,PHI,76,3,1470,220,419,14,42,206,377,29,37,28,146,258,79,17,91,105
Doug McDermott,SF,27,IND,77,1,1340,207,422,84,206,123,216,66,79,17,92,67,18,8,42,104
JaVale McGee,C,31,LAL,75,62,1671,400,641,1,12,399,629,96,152,195,371,52,47,148,108,208
Rodney McGruder,SG,27,MIA,66,45,1550,186,461,79,225,107,236,52,72,60,178,112,36,12,64,115
Alfonzo McKinnie,SF,26,GSW,72,5,1003,134,275,42,118,92,157,27,48,81,166,31,18,15,30,134
Ben McLemore,SG,25,SAC,19,0,158,25,64,17,41,8,23,8,12,3,14,4,6,3,5,22
Jordan McRae,SG,27,WAS,27,0,333,61,130,10,35,51,95,28,35,6,34,30,13,7,15,26
Jodie Meeks,SG,31,TOR,8,0,104,21,39,8,18,13,21,1,1,1,11,8,1,1,2,5
Salah Mejri,C,32,DAL,36,4,399,55,112,11,34,44,78,20,32,36,95,35,10,26,21,55
De'Anthony Melton,PG,20,PHO,50,31,984,100,256,29,95,71,161,21,28,25,109,159,68,23,75,113
Chimezie Metu,PF,21,SAS,29,0,145,19,58,0,2,19,56,13,17,9,27,13,6,2,15,14
Khris Middleton,SF,27,MIL,77,77,2393,506,1148,179,474,327,674,216,258,50,411,331,80,7,174,172
C.J. Miles,SF,31,TOT,53,1,856,112,311,67,203,45,108,48,58,13,82,36,26,15,30,79
C.J. Miles,SF,31,TOR,40,1,562,70,206,43,137,27,69,35,44,12,56,22,18,10,21,62
C.J. Miles,SF,31,MEM,13,0,294,42,105,24,66,18,39,13,14,1,26,14,8,5,9,17
Darius Miller,SF,28,NOP,69,15,1757,189,484,133,364,56,120,56,71,14,114,146,40,23,59,165
Malcolm Miller,SF,25,TOR,10,0,67,11,26,10,21,1,5,3,4,1,4,1,1,1,1,5
Patty Mills,PG,30,SAS,82,1,1908,282,663,159,404,123,259,88,103,24,158,245,49,10,93,129
Paul Millsap,PF,33,DEN,70,65,1895,322,665,58,159,264,506,181,249,153,352,141,83,54,95,183
Shake Milton,SG,22,PHI,20,0,268,34,87,14,44,20,43,5,7,9,26,18,8,8,6,29
Nikola Mirotic,PF,27,TOT,46,25,1245,238,542,116,318,122,224,105,124,60,279,55,31,34,48,107
Nikola Mirotic,PF,27,NOP,32,22,925,182,407,85,231,97,176,85,101,46,218,35,21,25,37,86
Nikola Mirotic,PF,27,MIL,14,3,320,56,135,31,87,25,48,20,23,14,61,20,10,9,11,21
Donovan Mitchell,SG,22,UTA,77,77,2598,661,1530,188,519,473,1011,319,396,59,257,322,106,31,218,208
Naz Mitrou-Long,SG,25,UTA,14,0,84,6,20,2,11,4,9,2,2,1,5,15,1,1,8,10
Malik Monk,SG,20,CHO,73,0,1258,227,586,109,330,118,256,90,102,16,121,117,37,19,86,106
Greg Monroe,C,28,TOT,43,2,480,92,189,1,5,91,184,45,72,67,105,24,14,8,32,66
Greg Monroe,C,28,TOR,38,2,423,74,161,0,4,74,157,35,61,60,96,16,13,8,31,61
Greg Monroe,C,28,BOS,2,0,5,3,5,0,0,3,5,0,0,3,0,1,0,0,0,0
Greg Monroe,C,28,PHI,3,0,52,15,23,1,1,14,22,10,11,4,9,7,1,0,1,5
E'Twaun Moore,SG,29,NOP,53,36,1463,256,532,76,176,180,356,45,59,35,92,102,40,8,59,112
Eric Moreland,PF,27,TOT,5,0,43,3,7,1,1,2,6,0,0,4,16,4,1,1,5,9
Eric Moreland,PF,27,PHO,1,0,5,0,0,0,0,0,0,0,0,0,3,0,0,0,0,1
Eric Moreland,PF,27,TOR,4,0,38,3,7,1,1,2,6,0,0,4,13,4,1,1,5,8
Jaylen Morris,SG,23,MIL,4,0,29,4,10,1,3,3,7,1,2,0,5,4,2,0,1,1
Marcus Morris,PF,29,BOS,75,53,2091,377,844,146,389,231,455,146,173,76,382,109,43,25,92,181
Markieff Morris,PF,29,TOT,58,16,1270,204,484,68,203,136,281,71,92,61,204,79,36,22,54,175
Markieff Morris,PF,29,WAS,34,15,883,143,328,48,144,95,184,57,73,41,133,60,25,20,47,117
Markieff Morris,PF,29,OKC,24,1,387,61,156,20,59,41,97,14,19,20,71,19,11,2,7,58
Monte Morris,PG,23,DEN,82,6,1970,346,702,94,227,252,475,65,81,35,159,297,73,4,52,102
Donatas Motiejunas,PF,28,SAS,3,0,13,3,6,0,0,3,6,0,2,2,1,1,0,1,3,6
Johnathan Motley,PF,23,LAC,22,0,156,39,73,0,3,39,70,24,40,18,33,11,5,3,16,27
Emmanuel Mudiay,PG,22,NYK,59,42,1607,330,740,69,210,261,530,144,186,33,163,228,43,19,140,103
Jamal Murray,PG,21,DEN,75,74,2447,513,1173,152,414,361,759,189,223,65,252,363,67,27,158,153
Dzanan Musa,SG,19,BRK,9,0,39,9,22,1,10,8,12,0,2,1,4,2,2,0,4,1
Mike Muscala,PF,27,TOT,64,10,1306,145,361,89,256,56,105,70,85,57,187,76,22,38,48,130
Mike Muscala,PF,27,PHI,47,6,1041,109,278,68,199,41,79,63,77,51,149,62,18,27,43,112
Mike Muscala,PF,27,LAL,17,4,265,36,83,21,57,15,26,7,8,6,38,14,4,11,5,18
Sviatoslav Mykhailiuk,SF,21,TOT,42,0,440,46,140,29,89,17,51,12,20,9,27,37,14,1,21,25
Sviatoslav Mykhailiuk,SF,21,LAL,39,0,420,44,132,27,85,17,47,12,20,8,26,33,13,1,20,25
Sviatoslav Mykhailiuk,SF,21,DET,3,0,20,2,8,2,4,0,4,0,0,1,1,4,1,0,1,0
Abdel Nader,SF,25,OKC,61,1,694,91,215,32,100,59,115,27,36,14,102,20,20,12,26,68
Larry Nance,C,26,CLE,67,30,1795,249,479,33,98,216,381,96,134,168,384,214,100,40,97,192
Shabazz Napier,PG,27,BRK,56,2,983,169,435,76,228,93,207,115,138,18,82,143,41,16,66,67
Raul Neto,PG,26,UTA,37,1,474,74,161,20,60,54,101,28,33,6,56,93,14,4,35,49
Georges Niang,PF,25,UTA,59,0,516,86,181,43,105,43,76,20,24,11,76,35,10,6,23,57
Joakim Noah,C,33,MEM,42,1,693,110,213,0,1,110,212,78,109,58,180,89,20,31,50,96
Nerlens Noel,C,24,OKC,77,2,1055,162,276,0,0,162,276,54,79,127,198,45,66,96,48,166
Dirk Nowitzki,PF,40,DAL,51,20,795,135,376,64,205,71,171,39,50,5,153,35,9,18,18,76
Frank Ntilikina,PG,20,NYK,43,16,904,95,282,33,115,62,167,23,30,12,75,121,30,14,56,104
James Nunnally,SF,28,TOT,15,0,102,12,34,8,25,4,9,4,4,0,5,7,1,0,1,10
James Nunnally,SF,28,MIN,13,0,64,9,21,5,13,4,8,4,4,0,4,5,1,0,1,4
James Nunnally,SF,28,HOU,2,0,38,3,13,3,12,0,1,0,0,0,1,2,0,0,0,6
Jusuf Nurkic,C,24,POR,72,72,1974,420,826,3,29,417,797,282,365,243,505,233,71,103,168,250
David Nwaba,SG,26,CLE,51,14,984,126,262,24,75,102,187,58,85,41,122,54,36,17,29,106
Royce O'Neale,SF,25,UTA,82,16,1671,163,343,68,176,95,167,32,42,22,263,124,54,24,70,172
Kyle O'Quinn,C,28,IND,45,3,371,69,136,1,12,68,124,17,21,29,90,56,9,25,31,68
Semi Ojeleye,PF,24,BOS,56,3,594,67,158,28,89,39,69,24,39,24,62,23,10,4,19,43
Jahlil Okafor,C,23,NOP,59,24,935,212,362,1,5,211,357,59,89,82,196,40,15,40,52,96
Elie Okobo,PG,21,PHO,53,16,958,114,290,39,132,75,158,37,47,12,86,127,32,7,69,109
Josh Okogie,SG,20,MIN,74,52,1757,196,508,60,215,136,293,118,162,41,177,91,88,33,63,166
Victor Oladipo,SG,26,IND,36,36,1147,249,588,74,216,175,372,103,141,21,181,186,60,11,82,72
Kelly Olynyk,PF,27,MIA,79,36,1812,261,564,113,319,148,245,152,185,72,303,140,53,37,114,183
Cedi Osman,SF,23,CLE,76,75,2444,360,844,130,374,230,470,141,181,45,312,195,60,11,114,195
Kelly Oubre,SF,23,TOT,69,19,1935,375,842,108,338,267,504,189,244,71,254,84,84,59,103,181
Kelly Oubre,SF,23,WAS,29,7,755,132,305,41,132,91,173,68,85,24,105,20,27,20,30,71
Kelly Oubre,SF,23,PHO,40,12,1180,243,537,67,206,176,331,121,159,47,149,64,57,39,73,110
Zaza Pachulia,C,34,DET,68,3,878,85,193,0,4,85,189,97,124,99,166,91,31,17,57,151
Jabari Parker,PF,23,TOT,64,17,1724,369,749,61,195,308,554,131,184,79,342,152,46,30,151,145
Jabari Parker,PF,23,CHI,39,17,1042,220,464,37,114,183,350,79,108,41,200,84,23,14,84,87
Jabari Parker,PF,23,WAS,25,0,682,149,285,24,81,125,204,52,76,38,142,68,23,16,67,58
Tony Parker,PG,36,CHO,56,0,1003,213,463,13,51,200,412,91,124,14,69,207,21,7,75,53
Chandler Parsons,SF,30,MEM,25,3,496,68,182,29,94,39,88,22,25,4,66,43,19,5,32,45
Patrick Patterson,PF,29,OKC,63,5,861,82,219,46,137,36,82,19,30,42,105,31,16,13,22,46
Justin Patton,C,21,PHI,3,0,21,2,7,0,2,2,5,1,2,2,4,3,2,0,0,5
Chris Paul,PG,33,HOU,58,58,1857,302,720,127,355,175,365,175,203,36,229,473,114,18,152,146
Cameron Payne,PG,24,TOT,40,13,712,96,223,25,84,71,139,33,41,13,59,106,28,9,45,64
Cameron Payne,PG,24,CHI,31,12,536,69,168,16,59,53,109,22,25,10,43,83,20,6,34,49
Cameron Payne,PG,24,CLE,9,1,176,27,55,9,25,18,30,11,16,3,16,23,8,3,11,15
Elfrid Payton,PG,24,NOP,42,42,1250,179,412,33,105,146,307,55,74,49,171,320,44,17,112,81
Gary Payton,PG,26,WAS,3,0,16,5,8,1,2,4,6,0,0,1,1,4,3,1,1,2
Theo Pinson,SG,23,BRK,18,0,211,25,73,12,46,13,27,19,22,4,32,21,6,0,18,15
Mason Plumlee,C,28,DEN,82,17,1731,262,442,2,10,260,432,111,198,165,359,243,66,76,126,252
Miles Plumlee,C,30,ATL,18,0,173,32,48,0,0,32,48,16,30,16,23,17,6,4,10,14
Jakob Poeltl,C,23,SAS,77,24,1273,187,290,0,0,187,290,49,92,178,232,93,29,68,48,124
Quincy Pondexter,SF,30,SAS,53,0,292,29,58,6,18,23,40,34,42,8,38,24,11,1,13,24
Otto Porter,SF,25,TOT,56,43,1683,299,643,104,256,195,387,78,96,54,260,120,82,31,65,108
Otto Porter,SF,25,WAS,41,28,1191,202,442,65,176,137,266,49,64,40,191,80,64,22,40,79
Otto Porter,SF,25,CHI,15,15,492,97,201,39,80,58,121,29,32,14,69,40,18,9,25,29
Bobby Portis,PF,23,TOT,50,28,1299,279,628,75,191,204,437,77,97,109,294,72,35,20,74,145
Bobby Portis,PF,23,CHI,22,6,531,122,271,27,72,95,199,39,50,46,115,29,11,8,29,61
Bobby Portis,PF,23,WAS,28,22,768,157,357,48,119,109,238,38,47,63,179,43,24,12,45,84
Dwight Powell,C,27,DAL,77,22,1662,290,486,39,127,251,359,196,254,140,271,112,44,50,67,201
Norman Powell,SG,25,TOR,60,3,1126,193,400,68,170,125,230,62,75,16,123,91,39,13,65,96
Alex Poythress,PF,25,ATL,21,1,305,40,81,9,23,31,58,18,29,29,47,17,4,10,13,47
Zhou Qi,PF,23,HOU,1,0,1,1,1,0,0,1,1,0,0,0,0,0,0,0,0,0
Ivan Rabb,PF,21,MEM,49,13,721,116,212,3,15,113,197,49,69,70,136,54,17,14,35,90
Chasson Randle,PG,25,WAS,49,2,743,91,217,46,115,45,102,43,62,10,46,97,25,3,43,91
Julius Randle,PF,24,NOP,73,49,2232,571,1089,67,195,504,894,356,487,162,472,229,52,45,208,246
J.J. Redick,SG,34,PHI,76,63,2379,452,1027,240,605,212,422,228,255,20,166,206,32,17,101,129
Davon Reed,SG,23,IND,10,0,47,5,12,2,4,3,8,0,0,2,4,3,1,0,1,3
Cameron Reynolds,SG,23,MIN,19,0,259,33,78,21,51,12,27,8,9,4,27,13,6,2,5,26
Josh Richardson,SG,25,MIA,73,73,2539,423,1026,164,460,259,566,199,231,54,209,298,79,34,113,200
Malachi Richardson,SG,23,TOR,22,0,103,9,29,8,25,1,4,4,5,2,11,0,1,0,8,13
Austin Rivers,SG,26,TOT,76,15,2028,232,572,104,327,128,245,50,95,25,137,167,47,23,68,207
Austin Rivers,SG,26,WAS,29,2,683,76,194,33,106,43,88,25,46,10,61,58,18,10,36,72
Austin Rivers,SG,26,HOU,47,13,1345,156,378,71,221,85,157,25,49,15,76,109,29,13,32,135
Devin Robinson,SF,23,WAS,7,0,95,19,32,0,2,19,30,9,14,6,14,6,4,6,2,11
Duncan Robinson,PF,24,MIA,15,1,161,18,46,10,35,8,11,4,6,2,17,5,5,0,4,11
Glenn Robinson,SF,25,DET,47,18,610,74,176,18,62,56,114,32,40,17,54,21,14,8,18,45
Jerome Robinson,SG,21,LAC,33,0,320,44,110,18,57,26,53,6,9,3,38,19,11,3,13,46
Mitchell Robinson,C,20,NYK,66,19,1360,202,291,0,0,202,291,81,135,177,246,37,52,161,35,217
Rajon Rondo,PG,32,LAL,46,29,1369,175,432,51,142,124,290,23,36,34,209,367,57,7,127,100
Derrick Rose,PG,30,MIN,51,13,1392,363,753,54,146,309,607,137,160,33,107,220,31,12,82,57
Terrence Ross,SG,27,ORL,81,0,2150,440,1027,217,566,223,461,126,144,27,253,135,72,29,90,119
Terry Rozier,PG,24,BOS,79,14,1791,258,666,119,337,139,329,73,93,32,275,231,68,21,68,101
Ricky Rubio,PG,28,UTA,68,67,1899,295,730,79,254,216,476,195,228,33,210,416,91,10,180,180
D'Angelo Russell,PG,22,BRK,81,81,2448,659,1517,234,635,425,882,160,205,53,262,563,100,20,253,141
Domantas Sabonis,C,22,IND,74,5,1838,413,700,9,17,404,683,208,291,186,504,212,48,30,160,239
Brandon Sampson,SG,21,CHI,14,2,214,28,60,11,29,17,31,4,6,3,13,10,8,3,12,19
JaKarr Sampson,SF,25,CHI,4,0,127,29,54,5,14,24,40,17,21,5,27,4,4,3,4,8
Dario Saric,PF,24,TOT,81,41,2023,304,696,118,323,186,373,132,150,126,331,127,45,9,97,182
Dario Saric,PF,24,PHI,13,13,396,48,132,21,70,27,62,27,30,21,65,26,4,3,25,39
Dario Saric,PF,24,MIN,68,28,1627,256,564,97,253,159,311,105,120,105,266,101,41,6,72,143
Tomas Satoransky,PG,27,WAS,80,54,2164,257,530,64,162,193,368,131,160,82,197,399,82,13,120,172
Dennis Schroder,PG,25,OKC,79,14,2314,457,1104,124,364,333,740,186,227,38,246,323,65,12,172,189
Mike Scott,PF,30,TOT,79,3,1395,168,420,101,252,67,168,22,33,43,233,66,26,13,44,156
Mike Scott,PF,30,LAC,52,0,748,92,230,52,133,40,97,12,18,24,150,44,17,8,27,88
Mike Scott,PF,30,PHI,27,3,647,76,190,49,119,27,71,10,15,19,83,22,9,5,17,68
Thabo Sefolosha,SF,34,UTA,50,2,609,71,149,34,78,37,71,14,22,8,115,27,43,5,25,41
Wayne Selden,SG,24,TOT,75,13,1439,196,483,55,174,141,309,67,92,37,143,109,33,13,79,131
Wayne Selden,SG,24,MEM,32,0,455,65,161,20,63,45,98,22,29,16,28,36,10,6,23,48
Wayne Selden,SG,24,CHI,43,13,984,131,322,35,111,96,211,45,63,21,115,73,23,7,56,83
Collin Sexton,PG,20,CLE,82,72,2605,519,1206,119,296,400,910,214,255,57,179,243,44,6,185,186
Landry Shamet,SG,21,TOT,79,27,1802,240,557,167,396,73,161,75,93,21,113,117,37,10,45,155
Landry Shamet,SG,21,PHI,54,4,1108,153,347,99,245,54,102,44,54,14,64,59,24,8,26,106
Landry Shamet,SG,21,LAC,25,23,694,87,210,68,151,19,59,31,39,7,49,58,13,2,19,49
Iman Shumpert,SG,28,TOT,62,41,1481,167,446,95,273,72,173,36,45,27,156,112,59,24,50,127
Iman Shumpert,SG,28,SAC,42,40,1099,133,348,74,202,59,146,34,41,19,110,91,47,20,38,92
Iman Shumpert,SG,28,HOU,20,1,382,34,98,21,71,13,27,2,4,8,46,21,12,4,12,35
Pascal Siakam,PF,24,TOR,80,79,2548,519,945,79,214,440,731,237,302,124,425,248,73,52,154,241
Jordan Sibert,SG,26,ATL,1,0,4,1,1,1,1,0,0,0,0,0,0,0,0,0,0,0
Ben Simmons,PG,22,PHI,79,79,2700,540,960,0,6,540,954,257,428,172,525,610,112,61,274,209
Jonathon Simmons,SG-SF,29,TOT,56,9,1064,133,350,28,104,105,246,72,97,27,99,128,29,15,68,89
Jonathon Simmons,SG,29,ORL,41,9,845,104,286,19,83,85,203,56,72,23,77,95,18,14,56,68
Jonathon Simmons,SF,29,PHI,15,0,219,29,64,9,21,20,43,16,25,4,22,33,11,1,12,21
Kobi Simmons,PG,21,CLE,1,0,2,0,0,0,0,0,0,0,0,0,0,0,0,0,0,0
Anfernee Simons,SG,19,POR,20,1,141,28,63,10,29,18,34,9,16,3,10,13,1,0,11,9
Marcus Smart,SG,24,BOS,80,60,2200,239,567,126,346,113,221,104,129,57,177,321,143,28,123,201
Dennis Smith,PG,21,TOT,53,50,1508,278,650,67,208,211,442,99,156,32,123,252,67,20,154,129
Dennis Smith,PG,21,DAL,32,32,908,157,357,43,125,114,232,57,82,18,79,138,40,11,100,82
Dennis Smith,PG,21,NYK,21,18,600,121,293,24,83,97,210,42,74,14,44,114,27,9,54,47
Ish Smith,PG,30,DET,56,0,1251,205,489,44,135,161,354,47,62,23,122,203,28,11,61,109
J.R. Smith,SG,33,CLE,11,4,222,27,79,12,39,15,40,8,10,0,18,21,11,3,11,19
Jason Smith,PF-C,32,TOT,20,1,190,21,59,9,26,12,33,14,16,16,36,14,3,7,13,30
Jason Smith,C,32,WAS,12,1,130,15,37,4,10,11,27,10,12,11,26,12,1,5,7,21
Jason Smith,PF,32,MIL,6,0,40,4,13,3,9,1,4,2,2,3,8,1,2,2,5,6
Jason Smith,C,32,NOP,2,0,20,2,9,2,7,0,2,2,2,2,2,1,0,0,1,3
Zhaire Smith,SG,19,PHI,6,2,111,14,34,6,16,8,18,6,8,3,10,10,2,2,6,8
Tony Snell,SF,27,MIL,74,12,1304,163,361,81,204,82,157,37,42,29,128,68,26,18,23,90
Ray Spalding,PF,21,TOT,14,3,148,25,47,0,3,25,44,4,12,15,33,5,9,8,9,23
Ray Spalding,PF,21,DAL,1,0,1,0,0,0,0,0,0,0,0,0,0,0,0,0,0,0
Ray Spalding,PF,21,PHO,13,3,147,25,47,0,3,25,44,4,12,15,33,5,9,8,9,23
Omari Spellman,PF,21,ATL,46,11,805,98,244,44,128,54,116,32,45,72,122,47,26,25,31,67
Nik Stauskas,SG,25,TOT,68,0,1015,136,338,70,188,66,150,57,64,18,109,81,21,7,51,50
Nik Stauskas,SG,25,POR,44,0,673,96,229,43,125,53,104,32,36,10,70,62,14,4,40,31
Nik Stauskas,SG,25,CLE,24,0,342,40,109,27,63,13,46,25,28,8,39,19,7,3,11,19
D.J. Stephens,SG,28,MEM,1,0,7,1,2,0,0,1,2,0,0,0,0,0,1,0,1,0
Lance Stephenson,SG,28,LAL,68,3,1123,184,432,73,197,111,235,50,73,32,183,140,41,7,86,111
Edmond Sumner,PG,23,IND,23,2,210,22,64,7,27,15,37,15,24,9,15,10,12,5,10,26
Caleb Swanigan,PF,21,TOT,21,0,178,18,53,1,7,17,46,6,9,17,47,11,6,1,18,28
Caleb Swanigan,PF,21,POR,18,0,145,14,44,1,5,13,39,6,7,13,39,7,4,0,16,22
Caleb Swanigan,PF,21,SAC,3,0,33,4,9,0,2,4,7,0,2,4,8,4,2,1,2,6
Jayson Tatum,SF,20,BOS,79,79,2455,466,1036,116,311,350,725,195,228,70,407,168,84,57,122,168
Jeff Teague,PG,30,MIN,42,41,1264,176,416,35,105,141,311,123,153,16,90,343,43,18,97,90
Garrett Temple,SG,32,TOT,75,55,2040,208,493,90,264,118,229,80,107,28,188,106,76,30,70,204
Garrett Temple,SG,32,MEM,49,49,1530,166,387,74,210,92,177,57,76,18,134,69,50,25,54,134
Garrett Temple,SG,32,LAC,26,6,510,42,106,16,54,26,52,23,31,10,54,37,26,5,16,70
Milos Teodosic,PG,31,LAC,15,0,150,17,40,10,27,7,13,4,7,3,13,32,3,1,21,27
Jared Terrell,SG,23,MIN,14,0,111,12,39,4,17,8,22,3,6,1,5,12,3,2,10,16
Emanuel Terry,PF,22,TOT,3,0,23,4,7,0,0,4,7,2,4,3,4,2,3,0,2,4
Emanuel Terry,PF,22,PHO,2,0,20,4,6,0,0,4,6,1,2,2,4,1,3,0,2,4
Emanuel Terry,PF,22,MIA,1,0,3,0,1,0,0,0,1,1,2,1,0,1,0,0,0,0
Daniel Theis,C,26,BOS,66,2,908,146,266,26,67,120,199,56,76,87,138,68,21,42,33,161
Isaiah Thomas,SG,29,DEN,12,0,181,34,99,12,43,22,56,17,27,5,8,23,5,1,18,17
Khyri Thomas,SG,22,DET,26,0,195,22,69,10,35,12,34,7,11,4,16,8,7,5,4,22
Lance Thomas,PF,30,NYK,46,17,783,78,197,22,79,56,118,27,36,21,96,27,17,7,24,83
Klay Thompson,SG,28,GSW,78,78,2652,655,1402,241,599,414,803,129,158,37,262,186,84,47,115,157
Tristan Thompson,C,27,CLE,43,40,1198,201,380,0,0,201,380,68,106,173,265,86,28,16,59,89
Sindarius Thornwell,SG,24,LAC,64,1,313,17,49,3,15,14,34,25,34,5,39,18,14,7,20,41
Anthony Tolliver,PF,33,MIN,65,0,1079,99,259,81,215,18,44,47,60,15,162,46,17,21,36,91
Karl-Anthony Towns,C,23,MIN,77,77,2545,681,1314,142,355,539,959,376,450,263,691,259,67,125,240,292
Gary Trent,SG,20,POR,15,1,111,16,50,5,21,11,29,3,7,1,10,5,1,2,4,4
Allonzo Trier,SG,23,NYK,64,3,1459,232,518,52,132,180,386,179,223,31,166,119,28,14,116,117
P.J. Tucker,PF,33,HOU,82,82,2802,207,523,146,387,61,136,41,59,121,358,96,132,39,63,252
Evan Turner,PG,30,POR,73,2,1605,204,443,11,52,193,391,75,106,37,291,283,33,18,114,110
Myles Turner,C,22,IND,74,74,2119,380,780,76,196,304,584,148,201,101,430,115,60,199,100,195
Ekpe Udoh,C,31,UTA,51,1,320,50,72,0,0,50,72,19,30,27,63,28,10,31,13,36
Tyler Ulis,PG,23,CHI,1,0,1,0,0,0,0,0,0,0,0,0,0,0,0,0,0,0
Jonas Valanciunas,C,26,TOT,49,27,1091,301,538,14,48,287,490,147,185,106,313,70,19,53,90,146
Jonas Valanciunas,C,26,TOR,30,10,564,149,259,9,30,140,229,77,94,54,162,29,13,23,39,82
Jonas Valanciunas,C,26,MEM,19,17,527,152,279,5,18,147,261,70,91,52,151,41,6,30,51,64
Jarred Vanderbilt,PF,19,DEN,17,0,69,9,19,0,1,9,18,6,10,7,16,3,6,1,8,8
Fred VanVleet,PG,24,TOR,64,28,1760,246,600,112,296,134,304,97,115,21,146,307,57,20,82,110
Noah Vonleh,PF,23,NYK,68,57,1722,207,440,46,137,161,303,111,156,113,415,129,46,51,88,174
Nikola Vucevic,C,28,ORL,80,80,2510,701,1354,84,231,617,1123,179,227,224,736,307,81,89,159,157
Dwyane Wade,SG,37,MIA,72,2,1885,416,960,86,261,330,699,165,233,69,216,301,59,38,166,118
Moritz Wagner,C,21,LAL,43,5,446,71,171,22,77,49,94,43,53,17,68,24,11,13,39,57
Dion Waiters,SG,27,MIA,44,28,1138,198,478,109,289,89,189,22,44,7,109,121,29,9,64,72
Kemba Walker,PG,28,CHO,82,82,2863,731,1684,260,731,471,953,380,450,52,309,484,102,34,211,131
Lonnie Walker,SG,20,SAS,17,0,118,16,46,5,13,11,33,8,10,0,17,9,7,3,4,7
John Wall,PG,28,WAS,32,32,1104,245,552,51,169,194,383,122,175,15,101,279,49,29,121,71
Tyrone Wallace,PG,24,LAC,62,0,628,92,217,4,19,88,198,30,57,20,81,42,21,7,36,83
Taurean Waller-Prince,SF,24,ATL,55,47,1552,262,594,123,315,139,279,95,116,22,177,118,53,19,100,141
Brad Wanamaker,PG,29,BOS,36,0,343,50,105,16,39,34,66,24,28,3,38,56,12,2,19,34
T.J. Warren,SF,25,PHO,43,36,1360,297,611,77,180,220,431,101,124,31,143,64,51,29,52,119
Julian Washburn,SF,27,MEM,18,3,254,16,48,5,24,11,24,3,4,8,33,14,13,2,7,16
Yuta Watanabe,SF,24,MEM,15,0,174,15,51,2,16,13,35,7,10,4,27,8,4,1,6,11
Thomas Welsh,C,22,DEN,11,0,36,7,13,3,7,4,6,1,2,0,4,5,0,0,1,3
Russell Westbrook,PG,30,OKC,73,73,2630,630,1473,119,411,511,1062,296,451,109,698,784,142,33,325,245
Derrick White,PG,24,SAS,67,55,1728,260,543,48,142,212,401,95,123,35,212,263,67,47,97,145
Okaro White,PF,26,WAS,3,0,6,0,2,0,2,0,0,0,0,1,1,0,0,0,0,0
Hassan Whiteside,C,29,MIA,72,53,1674,388,680,2,16,386,664,109,243,257,560,56,46,136,97,192
Andrew Wiggins,SF,23,MIN,73,73,2543,498,1209,118,348,380,861,207,296,83,269,184,70,48,138,153
Alan Williams,PF,26,BRK,5,0,26,8,13,0,1,8,12,2,4,4,15,3,1,0,1,2
C.J. Williams,SG,28,MIN,15,0,128,17,35,5,16,12,19,0,1,1,7,12,6,0,5,16
Johnathan Williams,C,23,LAL,24,0,372,65,110,0,2,65,108,27,48,48,51,13,8,7,16,62
Kenrich Williams,SF,24,NOP,46,29,1079,107,279,52,156,55,123,13,19,55,164,83,45,19,36,95
Lou Williams,SG,32,LAC,75,1,1993,484,1138,105,291,379,847,425,485,40,182,402,57,11,181,80
Marvin Williams,PF,32,CHO,75,75,2133,275,652,140,382,135,270,66,86,76,331,92,71,61,47,156
Robert Williams,C,21,BOS,32,2,283,36,51,0,0,36,51,9,15,27,54,7,9,40,10,36
Troy Williams,SF,24,SAC,21,0,312,44,98,14,44,30,54,9,15,12,47,11,10,8,9,37
D.J. Wilson,PF,22,MIL,48,3,882,104,251,46,127,58,124,26,47,45,177,52,18,20,32,85
Justise Winslow,SF,22,MIA,66,52,1959,324,749,96,256,228,493,86,137,63,292,282,72,19,142,177
Christian Wood,PF,23,TOT,21,2,251,61,117,9,26,52,91,41,56,17,66,8,7,10,17,17
Christian Wood,PF,23,MIL,13,0,62,12,25,3,5,9,20,10,15,4,16,2,0,0,3,3
Christian Wood,PF,23,NOP,8,2,189,49,92,6,21,43,71,31,41,13,50,6,7,10,14,14
Delon Wright,PG,26,TOT,75,13,1699,242,558,50,168,192,390,119,150,68,198,248,88,30,77,103
Delon Wright,PG,26,TOR,49,2,897,127,293,30,90,97,203,53,61,39,86,110,46,15,37,53
Delon Wright,PG,26,MEM,26,11,802,115,265,20,78,95,187,66,89,29,112,138,42,15,40,50
Guerschon Yabusele,PF,23,BOS,41,1,251,35,77,9,28,26,49,15,22,23,30,15,8,7,15,32
Nick Young,SG,33,DEN,4,0,37,3,9,3,8,0,1,0,0,0,1,2,0,1,2,4
Thaddeus Young,PF,30,IND,81,81,2489,443,841,51,146,392,695,87,135,192,331,204,123,36,123,194
Trae Young,PG,20,ATL,81,81,2503,525,1256,156,482,369,774,343,414,64,237,653,72,15,308,140
Cody Zeller,C,26,CHO,49,47,1243,190,345,6,22,184,323,111,141,110,223,102,38,41,62,164
Tyler Zeller,C,29,TOT,6,1,93,16,30,0,1,16,29,14,18,11,13,4,1,3,4,20
Tyler Zeller,C,29,ATL,2,0,11,0,2,0,1,0,1,0,0,2,4,1,0,0,0,4
Tyler Zeller,C,29,MEM,4,1,82,16,28,0,0,16,28,14,18,9,9,3,1,3,4,16
Ante Zizic,C,22,CLE,59,25,1082,183,331,0,0,183,331,93,132,108,212,53,13,22,61,113
Ivica Zubac,C,21,TOT,59,37,1040,212,379,0,0,212,379,101,126,115,247,63,14,51,70,137
Ivica Zubac,C,21,LAL,33,12,516,112,193,0,0,112,193,57,66,54,108,25,4,27,33,73
Ivica Zubac,C,21,LAC,26,25,524,100,186,0,0,100,186,44,60,61,139,38,10,24,37,64
