team,season,points_scored,points_allowed,wins,losses,ties,pass_off_epa_per_att,pass_off_total_epa,pass_off_total_yards_gained,pass_off_yards_gained_per_att,run_off_epa_per_att,run_off_total_epa,run_off_total_yards_gained,run_off_yards_gained_per_att,pass_def_epa_per_att,pass_def_total_epa,pass_def_total_yards_allowed,pass_def_yards_allowed_per_att,run_def_epa_per_att,run_def_total_epa,run_def_total_yards_allowed,run_def_yards_allowed_per_att,division
PIT,2009,368,324,9,7,0,0.1245783500253492,72.13086466467719,4148,7.139414802065405,-0.06531053289675229,-26.973250086358693,1807,4.375302663438257,-0.02755881050757763,-16.314815820485958,3452,5.821247892074199,-0.040692577773512616,-14.812098309558591,1448,3.978021978021978,AFC North
PIT,2010,375,232,12,4,0,0.17304039113733577,88.07755908890391,3600,7.045009784735812,-0.070214101565499,-32.228272618564034,1936,4.208695652173913,-0.11201738267432579,-70.90700323284823,3427,5.388364779874214,-0.19344363327910477,-63.06262444898815,1011,3.091743119266055,AFC North
PIT,2011,325,227,12,4,0,0.10960808437193306,63.13425659823345,4054,7.013840830449827,-0.031147850066484503,-13.019801327790521,1916,4.583732057416268,-0.07483024075119066,-41.53078361691082,2751,4.9125,-0.07556135445503706,-29.84673500973964,1602,4.035264483627204,AFC North
PIT,2012,336,314,8,8,0,0.06724364977538608,40.27894621545626,3778,6.275747508305648,-0.15724722117111523,-63.68512457430167,1561,3.854320987654321,-0.040763574604843804,-22.664547480293155,2965,5.3231597845601435,-0.09221799556587579,-34.95062031946692,1465,3.865435356200528,AFC North
PIT,2013,379,370,8,8,0,0.10463996807361779,63.307180684538764,3692,6.311111111111111,-0.15444330907160878,-58.84290075628294,1299,3.7114285714285713,-0.02735293479337324,-16.19293739767696,3228,5.723404255319149,0.0038896151528693356,1.6064110581350357,1739,4.369346733668341,AFC North
PIT,2014,436,368,11,5,0,0.23239740140017134,148.26954209330933,4818,7.539906103286385,-0.08502489285487992,-34.35005671337149,1768,4.376237623762377,0.12853337026439532,73.77815453176292,4057,7.055652173913043,-0.05005890783411533,-18.02120682028152,1605,4.458333333333333,AFC North
PIT,2015,423,319,10,6,0,0.0979508040263551,61.61105573257736,4612,7.309033280507132,0.028164754441319526,10.336464879964266,1744,4.739130434782608,0.09263419064127634,61.694370967090045,4352,6.534534534534535,-0.1698693903124749,-63.19141319624066,1471,3.954301075268817,AFC North
PIT,2016,399,327,11,5,0,0.16303851677173478,101.2469189152473,4203,6.757234726688103,-0.020459702626332822,-8.040663132148799,1776,4.50761421319797,0.05172747064332639,32.174486740149014,3884,6.2144,-0.044958760688770735,-16.320030130023778,1605,4.40934065934066,AFC North
PIT,2017,406,308,13,3,0,0.17474750249261067,106.94547152547773,4392,7.176470588235294,-0.054349048717800864,-22.60920426660516,1696,4.067146282973621,-0.0674381001597012,-37.09095508783565,3219,5.842105263157895,0.003218165748645542,1.2229029844853059,1701,4.464566929133858,AFC North
PIT,2018,428,360,9,6,1,0.18038629048626464,128.25465253573415,5016,7.044943820224719,0.02106188193889172,6.971482921773159,1462,4.4169184290030215,0.042149848459032455,25.922156802304958,3699,5.985436893203883,0.03804078461537544,13.618600892304407,1549,4.314763231197771,AFC North
CLE,2009,245,375,5,11,0,-0.28336649373695527,-132.3321525751581,2076,4.426439232409382,-0.098009399171252,-48.22062439225598,2094,4.2303030303030305,0.11752785604847153,64.75784868270782,3909,7.06871609403255,-0.009478881423997701,-4.673088542030867,2331,4.728194726166328,AFC North
CLE,2010,271,332,5,11,0,-0.09448670186084016,-47.43232433414176,2978,5.873767258382643,-0.12152966466361298,-48.61186586544519,1661,4.14214463840399,0.08549331120445583,45.396948249566044,3531,6.649717514124294,-0.059784432530802595,-29.23458750756247,2084,4.253061224489796,AFC North
CLE,2011,218,307,4,12,0,-0.08861786528976504,-53.17071917385903,3088,5.112582781456954,-0.11189667131095712,-45.31815188093764,1543,3.8098765432098767,-0.005045514410980104,-2.5076206622571116,2962,5.947791164658635,-0.010573008742327274,-5.487391537267856,2370,4.566473988439307,AFC North
CLE,2012,302,368,5,11,0,-0.08963402432660793,-53.24261045000511,3435,5.7634228187919465,-0.05005106240056637,-19.519914336220886,1600,4.102564102564102,0.05410982813540803,34.08919172530706,3925,6.220285261489699,-0.0927451971126426,-40.90063192667539,1911,4.323529411764706,AFC North
CLE,2013,308,406,4,12,0,-0.08718684232012681,-62.77452647049131,3421,5.136636636636637,-0.05658283359541834,-19.351329089633072,1234,4.154882154882155,0.015589632208827297,10.008543878067124,3123,5.231155778894473,-0.04521117201495163,-19.93812685859367,1598,4.205263157894737,AFC North
CLE,2014,299,337,7,9,0,-0.014530590769419276,-7.672151926253378,3485,6.5754716981132075,-0.1192546900380605,-55.93044962785037,1714,3.646808510638298,-0.07726028974925567,-46.819735588048935,3587,5.909390444810544,-0.024944134548108402,-12.197681794025009,2272,4.636734693877551,AFC North
CLE,2015,278,432,3,13,0,-0.0474453588349395,-31.26649147222513,3786,5.72768532526475,-0.09402157135207502,-35.16406768567606,1537,4.0986666666666665,0.1498205597062685,80.60346112197246,4016,7.450834879406308,-0.02005335158484673,-8.903688103671948,2069,4.65990990990991,AFC North
CLE,2016,264,452,1,15,0,-0.03427376449202606,-21.489650336500336,3268,5.179080824088748,-0.08852245724737719,-30.628770207592506,1714,4.925287356321839,0.2470838183563378,139.8494411896872,4000,7.067137809187279,0.027222555998682424,13.202939659360975,2295,4.712525667351129,AFC North
CLE,2017,234,410,0,16,0,-0.27191862386935395,-167.7737909273914,3228,5.21486268174475,0.008124684498561581,3.0955047939519624,1718,4.49738219895288,0.09148999349745578,50.95992637808286,3656,6.563734290843806,-0.12833341668919226,-57.365037260068945,1598,3.5669642857142856,AFC North
CLE,2018,359,392,7,8,1,-0.013051543412913778,-8.000596112116146,4011,6.53257328990228,0.011518845929124553,4.607538371649821,1909,4.7725,0.033440787924997585,21.970597666723414,4129,6.275075987841945,0.0016692172679582194,0.7478093360452822,2176,4.857142857142857,AFC North
NO,2009,510,341,13,3,0,0.23360314926105655,131.28496988471377,4346,7.733096085409253,-0.011078160537980846,-4.996250402629362,2130,4.712389380530974,-0.06838088045136048,-40.755004749010844,3763,6.2716666666666665,0.073647163164009,31.520985834195855,1967,4.595794392523365,NFC South
NO,2010,384,307,11,5,0,0.1131532380935102,77.17050837977396,4455,6.532258064516129,-0.07162918693189735,-26.14465323014253,1531,4.183060109289618,-0.01162290626570428,-6.090402883229043,3107,5.895635673624288,-0.10494315790285769,-43.02669474017165,1806,4.383495145631068,NFC South
NO,2011,547,339,13,3,0,0.3399345753079443,239.65387559210075,5643,8.004255319148935,0.051651858949433624,22.055343771408157,2155,5.023310023310024,0.06613818780163998,43.981894888090586,4425,6.594634873323398,0.02373621261336885,8.426355477745942,1780,4.972067039106145,NFC South
NO,2012,461,454,7,9,0,0.1740993966618388,119.78038490334508,4997,7.252539912917271,0.0043533089897919075,1.558484618345503,1592,4.446927374301676,0.17772723004691926,110.54633708918378,4690,7.52808988764045,0.023995556515970903,10.678022649607053,2372,5.318385650224215,NFC South
NO,2013,414,304,11,5,0,0.22854078264538805,155.63627298150925,4893,7.174486803519062,-0.06392374894104175,-23.39609211242128,1499,4.0956284153005464,-0.07268810111068698,-39.76039130754578,3105,5.655737704918033,0.0032569799055607593,1.2409093440186492,1794,4.696335078534031,NFC South
NO,2014,401,424,7,9,0,0.1807380358448486,123.26334044618673,4764,6.97510980966325,-0.010928578581893606,-4.338645697011762,1827,4.602015113350126,0.17114700497393617,99.09411587990905,4025,6.951640759930916,0.0803981998384815,34.65162413038553,2137,4.9467592592592595,NFC South
NO,2015,408,476,7,9,0,0.20790271809663227,144.49238907715943,4978,7.131805157593123,-0.04884264443828313,-18.56020488654759,1507,3.9553805774278215,0.31406062592176087,179.95673865316897,4548,7.923344947735192,-0.050618105848779404,-20.804041503848335,2092,5.077669902912621,NFC South
NO,2016,469,454,7,9,0,0.1999408865186527,138.159152584389,5073,7.3097982708933715,0.023118585878237004,9.108722836025379,1759,4.453164556962025,0.19196602192188933,116.52337530658683,4384,7.198686371100164,-0.01388060600575115,-5.288510888191188,1640,4.293193717277487,NFC South
NO,2017,448,326,11,5,0,0.19170435778763717,105.62910114098808,4193,7.596014492753623,0.06321368722587102,26.802603383769313,2094,4.9270588235294115,0.008096764921123354,4.760897773620532,3599,6.079391891891892,-0.012964766416821814,-5.14701226747826,1796,4.5125628140703515,NFC South
NO,2018,504,353,13,3,0,0.29492626572159564,158.96525722394006,4044,7.50278293135436,0.056860821193634246,25.530508715941778,2056,4.568888888888889,0.09981135019309886,61.982848469914394,4312,6.932475884244373,-0.06803083588601058,-23.470638380673652,1290,3.7283236994219653,NFC South
TB,2009,244,400,3,13,0,-0.2087291082931213,-114.59228045292359,2977,5.373646209386282,-0.13315430901317046,-53.26172360526819,1634,4.085,0.06514515204703772,32.70286632761294,3318,6.596421471172962,0.0014813705580807041,0.761424466853482,2550,4.951456310679611,NFC South
TB,2010,341,318,10,6,0,0.10198150058939122,53.234343307662215,3361,6.438697318007663,-0.040609668019592676,-17.13727990426811,2012,4.756501182033097,0.0065807781921867385,3.5536202237808387,3233,5.943014705882353,-0.03448864732971757,-14.89909564643799,2118,4.891454965357967,NFC South
TB,2011,287,494,4,12,0,-0.10261186836807919,-62.69585157289638,3650,5.934959349593496,-0.10510715009034048,-35.42110958044474,1467,4.353115727002967,0.1740262943646873,87.01314718234364,3814,7.612774451097804,0.06873819305624003,33.063070860051454,2515,5.217842323651452,NFC South
TB,2012,389,394,7,9,0,0.07456695325194604,43.84536851214427,3989,6.761016949152542,0.0029535156338548287,1.2020808629789153,1857,4.551470588235294,0.09721887879811021,63.19227121877164,4753,7.301075268817204,-0.11984068315488362,-43.861690034687406,1347,3.670299727520436,NFC South
TB,2013,288,389,4,12,0,-0.09942944214494595,-55.08391094830006,2820,5.081081081081081,-0.10253321175218814,-42.03861681839714,1645,4.002433090024331,0.07257823393657369,41.58732804565672,3803,6.636998254799302,-0.07474184006419993,-30.79363810645037,1788,4.308433734939759,NFC South
TB,2014,277,410,2,14,0,-0.07729266669095101,-44.288698013914924,3297,5.723958333333333,-0.10456972618065258,-36.80854361558971,1375,3.895184135977337,0.15610041684902073,92.56754719146929,4092,6.877310924369748,-0.08328176827768435,-37.72664102979101,1825,4.0198237885462555,NFC South
TB,2015,342,417,6,10,0,0.10228953926169496,56.46382567245562,3854,6.944144144144144,-0.049897575618078574,-22.05472842319073,2177,4.914221218961625,0.1677858051699128,96.47683797269984,3840,6.655112651646447,-0.09089041563389179,-40.537125372715735,1628,3.6502242152466366,NFC South
TB,2016,354,369,9,7,0,0.10980036959922652,67.63702767312354,3931,6.371150729335494,-0.11779973214703206,-51.360683216105976,1639,3.7505720823798625,0.04179104608315255,24.322388820394785,4018,6.868376068376068,0.03607844860571157,15.008634619976013,1886,4.522781774580336,NFC South
TB,2017,335,382,5,11,0,0.0937074902897023,59.78537880483006,4370,6.806853582554517,-0.1338711049448725,-51.674246508720785,1455,3.7694300518134716,0.17038742341842145,96.26889423140813,4169,7.35273368606702,-0.03295774445175075,-14.03999913644582,1896,4.450704225352113,NFC South
TB,2018,396,464,5,11,0,0.1380575092212366,91.80824363212234,5127,7.698198198198198,-0.057714839272643016,-21.8739240843317,1532,4.031578947368421,0.18721480416286082,106.15079396034209,4153,7.298769771528998,0.019388951554215137,7.852525379457131,2009,4.9604938271604935,NFC South
HOU,2009,388,333,9,7,0,0.14171611407665602,87.01369404306679,4652,7.576547231270358,-0.14478130256169477,-58.636427537486384,1497,3.696296296296296,6.631965645711611e-4,0.3780220418055618,3487,6.117543859649123,-0.09949098665795394,-38.30402986331227,1725,4.457364341085271,AFC South
HOU,2010,390,427,6,10,0,0.1348153453249235,80.75439184962917,4145,6.896838602329451,0.036077229590147995,14.93597305032127,2050,4.951690821256038,0.26038887005858424,149.20282254356877,4280,7.456445993031359,-0.02554916392433801,-10.679550520373287,1772,4.239234449760765,AFC South
HOU,2011,381,278,10,6,0,0.1449310843286307,71.16116240535767,3506,7.1115618661257605,-0.05794658980856241,-30.943478957772324,2464,4.614232209737827,-0.15995972301656683,-92.61667962659219,3039,5.230636833046471,-0.08933225349733226,-33.05293379401294,1543,4.159029649595688,AFC South
HOU,2012,416,331,12,4,0,0.11532998652193095,67.00672216924188,3830,6.592082616179002,-0.024467467195246503,-12.013526392866032,2213,4.497967479674797,-0.06664806429617871,-40.921911477853726,3609,5.839805825242719,-0.14976481969448582,-57.06039630359909,1576,4.12565445026178,AFC South
HOU,2013,276,428,2,14,0,-0.1153342437860356,-76.8126063614997,3813,5.699551569506727,-0.06933567079891366,-28.4276250275546,1746,4.217391304347826,0.1324218997239686,68.06485645811985,3125,6.07976653696498,-0.09716497324157074,-42.55825827980799,1975,4.5091324200913245,AFC South
HOU,2014,372,307,9,7,0,0.06536308690424343,33.20444814735566,3340,6.549019607843137,-0.06344702167908814,-33.75381553327489,2186,4.109022556390977,-0.09101749944579032,-59.343409638655295,3897,5.967840735068913,-0.1418721380793041,-57.60008806019746,1689,4.14987714987715,AFC South
HOU,2015,339,313,9,7,0,0.03491492704744044,22.694702580836285,3835,5.881901840490798,-0.1153588463850538,-52.25755741242937,1756,3.876379690949227,-0.08875276188588048,-52.63038779832713,3367,5.658823529411765,-0.0686229571434708,-25.664985971658076,1610,4.304812834224599,AFC South
HOU,2016,279,328,9,7,0,-0.10732535947323639,-65.03916784078126,3176,5.223684210526316,-0.06739717584700734,-29.722154548530238,1876,4.225225225225225,-0.03567512160788088,-19.72834224915813,3228,5.8267148014440435,-0.1293602250087178,-50.191767303382505,1604,4.1340206185567014,AFC South
HOU,2017,338,436,4,12,0,-0.0758040078434533,-43.35989248645529,3278,5.690972222222222,-0.04243987179261362,-18.928182819505675,1847,4.141255605381166,0.09330259983799442,49.17047011462306,3801,7.185255198487713,-0.06208967053988884,-25.953482285673537,1769,4.221957040572792,AFC South
HOU,2018,402,316,11,5,0,0.10023259610577186,56.23048641533801,3781,6.715808170515098,-0.05207377040850302,-24.058081928728395,2031,4.396103896103896,0.048528949096492247,30.621766879886607,4169,6.58609794628752,-0.14819010185651701,-56.31223870547647,1328,3.4947368421052634,AFC South
IND,2009,416,307,14,2,0,0.26454681442761263,161.37355680084372,4515,7.401639344262295,-0.08546192336419245,-29.99713510083155,1311,3.7244318181818183,0.0022737858670070026,1.3847355930072645,3405,5.563725490196078,-0.028030847202669074,-12.866158866025106,2033,4.40997830802603,AFC South
IND,2010,435,388,10,6,0,0.16888380790079205,117.20536268314967,4609,6.641210374639769,-0.057669025045041275,-21.7988914670256,1498,3.962962962962963,0.04290554258400888,23.898387219292946,3435,6.133928571428571,-0.015611827150203532,-6.7755329831883335,2042,4.7050691244239635,AFC South
IND,2011,243,430,2,14,0,-0.13629744327007606,-76.46286567451267,2995,5.319715808170515,-0.10929593972321007,-40.87668145648057,1601,4.269333333333333,0.1599068515983992,82.83174912797078,3636,7.005780346820809,-0.03025539354502983,-15.73280464341551,2322,4.4653846153846155,AFC South
IND,2012,357,387,11,5,0,0.03068625427396896,20.099496549449672,4128,6.27355623100304,0.0020350639721328652,0.8547268682958036,1688,4,0.12051095590911115,68.0886900886478,3796,6.6948853615520285,0.041253553650113864,17.285238979397707,2201,5.252983293556086,AFC South
IND,2013,391,336,11,5,0,0.027589381573353926,17.077827193906078,3741,6.04361873990307,0.014910541823491856,5.800200769338332,1750,4.487179487179487,0.048018441692088736,27.466548647874756,3711,6.476439790575916,-0.023116845497825503,-10.148295173545396,2008,4.553287981859411,AFC South
IND,2014,458,369,11,5,0,0.11301621492640719,77.86817208429456,4894,7.092753623188406,-0.10973508877992805,-43.455095156851506,1620,4.090909090909091,0.01082786501188858,6.290989571907264,3673,6.310996563573883,-0.06582449999757814,-27.053869499004616,1818,4.401937046004843,AFC South
IND,2015,333,408,8,8,0,-0.0089270316037639,-5.811497574050298,3706,5.684049079754601,-0.16426856386670913,-61.764980013882635,1459,3.870026525198939,0.11821206340159057,72.7004189919782,4114,6.656957928802589,-0.060487184950436604,-26.55387419324167,1968,4.482915717539863,AFC South
IND,2016,411,392,8,8,0,0.11440854756779585,71.16211658716901,4206,6.740384615384615,-0.035210566406264895,-13.73212089844331,1647,4.21227621483376,0.1290081622280636,78.56597079689074,4200,6.851549755301795,-0.001143852026814545,-0.45525310667218893,1937,4.866834170854271,AFC South
IND,2017,263,404,4,12,0,-0.14197224654779678,-76.09712414961908,2892,5.37546468401487,-0.07262960944509214,-32.029657765285634,1672,3.7828054298642533,0.19532843303795963,105.08669697442228,3952,7.304990757855823,-0.03624774731380169,-17.072688984800596,1950,4.140127388535032,AFC South
IND,2018,433,344,10,6,0,0.16846319606663634,110.68031981578007,4465,6.765151515151516,-0.004820603834788012,-1.8559324763933847,1745,4.520725388601036,0.04597977962899922,26.39239350704555,3805,6.628919860627177,-0.06291002011453066,-25.60437818661398,1634,4.014742014742015,AFC South
CIN,2009,305,291,10,6,0,-0.025566361917945625,-12.757614597054866,2892,5.772455089820359,-0.07094552574821375,-35.11803524536581,2069,4.179797979797979,-0.0784947721344184,-45.05599920515616,3249,5.640625,-0.09817624561076953,-38.09238329697858,1580,4.061696658097686,AFC North
CIN,2010,322,395,4,12,0,0.0064441240487223056,3.9373597937693288,3784,6.152845528455285,-0.20061731764681387,-83.45680414107457,1535,3.6810551558753,0.024080223484978815,12.931080011433624,3471,6.4636871508379885,-0.05735556857175292,-22.99958299727292,1862,4.643391521197008,AFC North
CIN,2011,344,323,9,7,0,-0.03895087468753787,-21.73458807564613,3340,5.974955277280858,-0.08738141844077489,-38.88473120614483,1786,4.013483146067416,-0.04110032232609571,-23.75598630448332,3385,5.836206896551724,-0.08246002221279822,-34.05598917388566,1686,4.072463768115942,AFC North
CIN,2012,391,320,10,6,0,-0.04473718824938971,-26.03704356114481,3578,6.147766323024055,-0.017338310135698035,-7.1087071556361945,1762,4.276699029126213,-0.1110069365174438,-67.27020352957095,3393,5.5805921052631575,-0.06792827748743499,-27.986450324823213,1736,4.203389830508475,AFC North
CIN,2013,430,305,11,5,0,0.08438084541316802,51.64107739285883,4139,6.7630718954248366,-0.059761839605282724,-27.49044621843005,1770,3.839479392624729,-0.12176843257004508,-79.02771273795925,3344,5.144615384615385,-0.1346108046645662,-50.88288416320603,1550,4.078947368421052,AFC North
CIN,2014,365,344,10,5,1,-0.004196060135438185,-2.198735510969609,3423,6.52,-0.0017561568155353296,-0.8394429578258875,2162,4.51356993736952,0.029102353598883936,17.98525452411027,3888,6.260869565217392,0.003600394174319748,1.562571071654771,1868,4.304147465437788,AFC North
CIN,2015,419,279,12,4,0,0.2628436942657374,139.8328453493723,3924,7.37593984962406,-0.09656572679573691,-43.45457705808161,1824,4.035398230088496,0.011668367707449128,7.88781657023561,3989,5.866176470588235,-0.044111402308285384,-14.90965398020046,1481,4.368731563421829,AFC North
CIN,2016,325,315,6,9,1,0.0921100961256422,55.173947579259675,3942,6.559068219633944,-0.008828289002774525,-3.8403057162069185,1777,4.066361556064074,0.049850933376695744,30.857727760174665,3800,6.119162640901771,0.01582372418929815,6.345313399908559,1827,4.556109725685785,AFC North
CIN,2017,290,349,7,9,0,-0.07345780620868264,-39.814130965105996,3122,5.728440366972477,-0.13898488819243818,-49.61760508470043,1384,3.8551532033426184,-0.055626677619475984,-33.320379894066114,3379,5.641068447412354,-0.010423723586738234,-5.024234768807828,2052,4.257261410788382,AFC North
CIN,2018,368,455,6,10,0,0.012981118543001935,7.425199806597107,3292,5.715277777777778,-0.010293677260493088,-3.613080718433074,1688,4.781869688385269,0.17290125955617583,105.81557084837961,4418,7.183739837398374,0.07616079666644485,34.27235849990018,2216,4.913525498891352,AFC North
CAR,2009,315,308,8,8,0,-0.12649416310143893,-62.10863408280651,2801,5.658585858585859,-0.0034365078214504564,-1.7594920045826337,2514,4.91015625,-0.14326826114606345,-74.64276405709906,3056,5.854406130268199,-0.03370500762880117,-14.830203356672515,2007,4.5613636363636365,NFC South
CAR,2010,196,408,2,14,0,-0.30819089625592355,-161.49202963810393,2289,4.343453510436433,-0.21210816636410185,-90.14597070474329,1848,4.338028169014085,-0.026857505838173392,-14.825343222671712,3393,6.135623869801085,-0.08015553147594862,-39.11589936026292,1996,4.090163934426229,NFC South
CAR,2011,406,429,6,10,0,0.05144862917719077,28.348194676632115,3830,6.925858951175407,0.19312646178862708,83.81688441626414,2415,5.551724137931035,0.16851053744035546,87.45696893154448,3949,7.594230769230769,0.03344819916965362,14.616863037138632,2107,4.821510297482837,NFC South
CAR,2012,357,363,7,9,0,0.09094036228469876,47.28898838804335,3683,7.028625954198473,0.018146578355713924,8.202253416782694,2085,4.6128318584070795,0.05558185392773009,32.90445752521621,3570,6.020236087689713,-0.03516368093931826,-14.276454461363214,1774,4.358722358722359,NFC South
CAR,2013,366,241,12,4,0,0.0398142892309352,20.345101797007885,3041,5.939453125,0.045318051936326674,21.11821220232823,2035,4.357601713062098,-0.06393515922514387,-39.19225260501319,3431,5.551779935275081,-0.1534764943143435,-52.18200806687678,1402,4.1235294117647054,NFC South
CAR,2014,339,374,7,8,1,0.05601256759148917,32.76735204102116,3513,5.994880546075085,-0.03102800922649274,-14.459052299545618,2033,4.353319057815845,0.04396565673679343,25.98370313144492,3645,6.146711635750422,-0.007207296101618292,-2.760394406919806,1802,4.692708333333333,NFC South
CAR,2015,500,308,15,1,0,0.1294476273922527,68.73669014528619,3589,6.75894538606403,0.051071036194705315,25.893015350715594,2299,4.5166994106090375,-0.08946227159540371,-60.74488241327912,3754,5.496339677891655,-0.12012900357902782,-43.366570292029046,1420,3.9226519337016574,NFC South
CAR,2016,369,402,6,10,0,-0.04284769925147625,-25.49438105462837,3689,6.189597315436242,-0.06755267733671742,-30.128494092175973,1819,4.060267857142857,0.06627297015944848,43.6076143649171,4295,6.497730711043873,-0.061926912640005376,-22.47946928832195,1485,4.079670329670329,NFC South
CAR,2017,363,327,11,5,0,0.005034780737504427,2.6835381330898596,3077,5.751401869158879,-0.07048644730727019,-33.26960312903153,2127,4.50635593220339,0.01553922455254091,9.199220935104218,3667,6.1838111298482294,-0.11354551732760215,-38.94611244336754,1425,4.154518950437318,NFC South
CAR,2018,376,382,7,9,0,0.06927888945359273,40.80526588816611,3840,6.49746192893401,0.08743201907971963,35.147671670047295,2152,5.3399503722084365,0.1468160546242159,82.36380664418512,3849,6.8487544483985765,0.028228450135127085,10.500983450267276,1820,4.879356568364611,NFC South
BAL,2009,391,261,9,7,0,0.04625054253026713,24.97529296634425,3413,6.308687615526802,3.900566494846958e-4,0.17903600211347537,2214,4.8130434782608695,-0.08078845878984328,-44.02971004046459,3316,6.0510948905109485,-0.17035556043223446,-71.89004650240294,1502,3.5341176470588236,AFC North
BAL,2010,357,270,12,4,0,0.09577216469108749,50.66347512158528,3335,6.2924528301886795,-0.12388570929203388,-58.10239765796389,1849,3.9424307036247335,-0.024472974252769848,-15.099825113958996,3593,5.804523424878837,-0.11883100410917063,-44.44279553682982,1510,4.005305039787799,AFC North
BAL,2011,378,266,12,4,0,0.0648416816157087,37.02460020256967,3423,5.973821989528796,-0.05778346765996426,-25.424725770384278,2019,4.588636363636364,-0.16501928518070008,-94.88608897890255,3140,5.423143350604491,-0.14581219855966582,-59.92881360802265,1490,3.625304136253041,AFC North
BAL,2012,398,344,10,6,0,0.020805669835240043,12.358567882132585,3741,6.287394957983193,-0.045185964406870324,-19.384778730547367,1916,4.455813953488372,-6.746320017513409e-4,-0.3960089850280371,3656,6.207130730050934,-0.07362785764746535,-35.562255243725765,1970,4.061855670103093,AFC North
BAL,2013,320,352,8,8,0,-0.09173552388092454,-61.00412338081482,3594,5.396396396396397,-0.2209782070103179,-91.4849777022716,1337,3.2139423076923075,0.021058784995359795,12.40362436226692,3681,6.238983050847458,-0.12676710816914274,-53.74925386371652,1711,4.025882352941177,AFC North
BAL,2014,409,302,10,6,0,0.1181726876657855,66.64939584350303,3819,6.747349823321555,-0.03443203261645373,-14.874638090308013,2036,4.702078521939954,0.07677238993709462,49.51819150942603,3974,6.151702786377709,-0.16685286469636365,-63.57094144931455,1415,3.7041884816753927,AFC North
BAL,2015,328,401,5,11,0,-0.008926864328729103,-6.186316979809268,4286,6.166906474820144,-0.12871527555212967,-49.040519985361406,1481,3.8871391076115485,0.13186966024473146,76.88001192267843,3734,6.3938356164383565,-0.11436828220828409,-46.31915429435506,1674,4.123152709359606,AFC North
BAL,2016,343,321,8,8,0,-0.025929012233001876,-18.25402461203332,4109,5.811881188118812,-0.03107950373786002,-11.033223826940308,1471,4.132022471910112,0.047677978554913986,28.79749904716805,3724,6.1655629139072845,-0.1586522263379823,-59.335932650405375,1441,3.8426666666666667,AFC North
BAL,2017,395,303,9,7,0,-0.10051847031507719,-59.10486054526539,3030,5.144312393887946,-0.024852816661386872,-11.05950341431716,1873,4.2089887640449435,-0.1636648482350008,-99.01723318217549,3421,5.654545454545454,-0.06316978020985553,-26.973496149608312,1818,4.247663551401869,AFC North
BAL,2018,389,287,10,6,0,0.013751745253148803,8.017267482585753,3558,6.071672354948806,0.05598054365098007,29.557727047717478,2460,4.659090909090909,-0.03422533781267645,-21.151258768234044,3362,5.440129449838188,-0.07447640989290098,-25.76883782294374,1335,3.847262247838617,AFC North
ATL,2009,363,325,9,7,0,0.08290959713456446,48.833752712258466,3571,6.062818336162988,-0.058511968536611045,-25.511218281962414,1891,4.337155963302752,0.09612335088908104,53.444583094329055,3873,6.903743315508021,-0.12019201667116612,-50.84122305190327,1717,4.0591016548463354,NFC South
ATL,2010,414,288,13,3,0,0.172838404492837,103.7030426957022,3571,5.951666666666667,-0.0628187260252968,-30.27862594419306,1911,3.9647302904564317,0.05424468392127951,31.353427306499558,3627,6.221269296740995,-0.1000836281000849,-35.82993885983039,1700,4.722222222222222,NFC South
ATL,2011,402,350,10,6,0,0.13335174862006685,81.21121490962071,4200,6.862745098039215,-0.05371203083012897,-23.203597318615717,1863,4.3125,-0.004615383707661667,-2.718461003812722,3783,6.390202702702703,-0.06564490795429037,-24.09168121922457,1559,4.247956403269755,NFC South
ATL,2012,419,299,13,3,0,0.21478786019830715,138.3233819677098,4509,7.001552795031056,-0.1528165969793015,-55.625241300465746,1386,3.797260273972603,-0.004269877874422358,-2.4509098999184333,3878,6.6977547495682215,-0.008239040934459756,-3.3368115784562007,1975,4.8525798525798525,NFC South
ATL,2013,353,443,4,12,0,0.0542739537179261,37.55757597280486,4253,6.0844062947067235,-0.060221387771967845,-18.789072984853966,1263,4.022292993630574,0.15677775909758582,85.91421198547704,3897,7.111313868613139,0.025407808436123842,11.306474754075111,2184,4.907865168539326,NFC South
ATL,2014,381,417,6,10,0,0.14835958613364972,97.02716933140691,4558,6.958778625954198,-0.09876463649099328,-36.14785695570354,1502,4.070460704607046,0.16248128880980323,94.40162879849566,4475,7.70223752151463,0.03754180185986009,16.480851016478578,1917,4.3568181818181815,NFC South
ATL,2015,339,345,8,8,0,0.1590335956221769,103.37183715441498,4384,6.723926380368098,-0.12037738044315541,-48.873216459921096,1626,4.004926108374384,0.12015188511749111,69.56794148302735,3882,6.704663212435233,-0.056511091271255,-22.660947599773255,1691,4.216957605985037,NFC South
ATL,2016,540,406,11,5,0,0.3293092625545259,190.01144449396148,4727,8.192374350086656,0.07539971312108709,30.913882379645706,1943,4.739024390243903,0.10305543653652184,71.00519577366354,4268,6.185507246376812,0.01940416979290823,6.946692785861147,1698,4.703601108033241,NFC South
ATL,2017,353,315,10,6,0,0.1856934524905848,101.76001196484047,3990,7.26775956284153,-0.09550131681858853,-40.20605438062577,1859,4.415676959619953,0.04381930737326088,25.634294813357617,3431,5.825127334465195,-0.053757872726406836,-20.858054617845852,1679,4.316195372750642,NFC South
ATL,2018,414,423,7,9,0,0.17825146064572567,117.64596402617893,4657,7.0347432024169185,-0.04317841489760581,-14.853374724776398,1580,4.593023255813954,0.09846648421309472,61.049220212118726,4153,6.666131621187801,0.1402791597839994,55.69082643424777,2019,5.07286432160804,NFC South
ARI,2009,375,325,10,6,0,0.02968649061179515,18.16813225441863,4021,6.54885993485342,-0.12881183992245396,-44.31127293332416,1506,4.3652173913043475,-0.013731627781055866,-8.664657129846251,3744,5.933438985736926,-0.11980699204695419,-46.96434088240604,1812,4.598984771573604,NFC West
ARI,2010,289,434,5,11,0,-0.26476366847616595,-159.3877284226519,2913,4.822847682119205,-0.10905890085497574,-35.00790717444721,1388,4.3105590062111805,0.016958988689386945,9.513992654746076,3668,6.515097690941386,-0.06160215398858033,-31.355496380187386,2340,4.5703125,NFC West
ARI,2011,312,348,8,8,0,-0.08481559822309588,-50.46528094274205,3567,5.974874371859296,-0.06037906789013178,-22.883666730359945,1635,4.313984168865435,-0.02439556674481516,-15.003273548061324,3696,6.009756097560976,-0.027305134626361638,-12.533056793499991,2002,4.3616557734204795,NFC West
ARI,2012,250,357,5,11,0,-0.26770757355348573,-176.68699854530058,3005,4.553030303030303,-0.22683972318487253,-79.16706339152051,1210,3.4670487106017194,-0.1325217582250486,-70.6340971339509,3203,6.009380863039399,-0.06899915151649218,-33.326590182465715,2223,4.555327868852459,NFC West
ARI,2013,379,324,10,6,0,0.022739104310946612,13.916331838299326,4002,6.517915309446254,-0.1008451070062052,-40.640578123500696,1562,3.8759305210918114,-0.05399867204291183,-35.74712089240763,3707,5.591251885369532,-0.1419310195760051,-51.095167047361834,1365,3.781163434903047,NFC West
ARI,2014,310,299,11,5,0,0.04389693495908857,26.162573235616787,3810,6.381909547738694,-0.15601294697224563,-59.908971637342326,1328,3.4583333333333335,-0.005996680581436068,-3.651978474094565,4152,6.773246329526917,-0.061093471627108084,-23.520986576436613,1752,4.538860103626943,NFC West
ARI,2015,489,313,13,3,0,0.26738918085859686,154.550946536269,4616,7.986159169550173,-0.04450498091828172,-18.781101947514887,1946,4.611374407582939,-0.036999645427268454,-22.53278406520649,3691,6.050819672131148,-0.1523411986283402,-55.909219896600845,1468,4,NFC West
ARI,2016,418,362,7,8,1,0.03236367058569619,22.104387010030496,4142,6.037900874635569,-0.06899874046338694,-26.978507521184298,1735,4.437340153452685,-0.05478985215627569,-32.435592476515204,3366,5.666666666666667,-0.1264528957770028,-52.098593060125154,1530,3.7046004842615012,NFC West
ARI,2017,295,361,8,8,0,-0.10702437206957115,-69.03071998487339,3637,5.621329211746523,-0.1915057883184336,-75.64478638578127,1399,3.541772151898734,-0.03319450563036593,-19.883508872589193,3543,5.914858096828047,-0.13993317054002258,-56.11320138654905,1439,3.5796019900497513,NFC West
ARI,2018,225,425,3,13,0,-0.29438155983530995,-159.8491869905733,2525,4.616087751371115,-0.0996175497436757,-34.56728976105547,1350,3.8904899135446684,0.0329075368989691,18.197867905129915,3264,5.891696750902527,0.08791155334809758,44.131599780744985,2496,4.972111553784861,NFC West
SEA,2009,280,390,5,11,0,-0.1250030724456577,-81.00199094478619,3503,5.397534668721109,-0.17682056184712816,-68.25273687299148,1573,4.043701799485861,0.08545795261954688,50.42019204553266,3929,6.648054145516075,-0.13103507977263942,-54.64162826519064,1790,4.282296650717703,NFC West
SEA,2010,310,407,7,9,0,-0.10991482671470534,-63.310940187670276,3343,5.793760831889082,-0.1324881423687481,-48.225683822224305,1441,3.9157608695652173,0.0816621560351738,50.30388811766706,3998,6.46925566343042,-0.056027993162111524,-24.484233011842736,1921,4.395881006864989,NFC West
SEA,2011,321,315,7,9,0,-0.0829607117445804,-46.1261557299867,3108,5.589928057553957,-0.1353423395791868,-59.144602396104624,1763,4.025114155251141,-0.05849268091739282,-33.10685739924433,3516,6.201058201058201,-0.07412107437395435,-33.725088840149226,1793,3.932017543859649,NFC West
SEA,2012,412,245,11,5,0,0.17086755259230593,74.49825293024539,3031,6.935926773455377,0.03841353601537445,20.05186580002546,2596,4.973180076628353,-0.06373555468978304,-37.73144837635155,3243,5.459595959595959,-0.015792530434776575,-5.685310956519567,1656,4.6,NFC West
SEA,2013,417,231,13,3,0,0.1463200313393938,67.30721441612116,3236,7.034782608695652,-0.06527942667317818,-32.05219849653049,2210,4.5010183299389,-0.25781078575585203,-145.92090473781226,2756,4.843585237258348,-0.10689997057898148,-43.72208796680343,1631,3.9877750611246943,NFC West
SEA,2014,394,254,12,4,0,0.08322145461116688,41.02817712330527,3250,6.578947368421052,0.10225198065697627,51.63725023177302,2782,5.4980237154150196,-0.07024213173313781,-38.00099326762756,2969,5.457720588235294,-0.17359270268157462,-64.9236708029089,1302,3.481283422459893,NFC West
SEA,2015,423,277,10,6,0,0.24836056572656104,132.12782096653046,3790,7.110694183864916,-0.026395270148598222,-12.643334401178548,2295,4.78125,-0.04373678599370635,-25.4985462343308,3368,5.777015437392796,-0.10384222913969794,-36.55246465717367,1316,3.7386363636363638,NFC West
SEA,2016,354,292,10,5,1,0.0874187998774294,53.06321152559964,4126,6.786184210526316,-0.10632741221464148,-41.042381114851615,1611,4.162790697674419,0.03445789005712934,19.8477446729065,3622,6.26643598615917,-0.15525999536087473,-67.07231799589788,1503,3.4711316397228638,NFC West
SEA,2017,366,332,9,7,0,0.070891610513944,41.68426698219908,3655,6.205432937181664,-0.09624468583961955,-37.9204062208101,1629,4.124050632911392,-0.060657236803840886,-35.36316905663924,3348,5.732876712328767,-0.06407761861681682,-28.00191933554895,1835,4.17995444191344,NFC West
SEA,2018,428,347,10,6,0,0.14130789741692468,65.70817229886997,3095,6.627408993576017,0.06788089363241137,35.162302901589094,2572,4.9652509652509655,0.03317276625363617,19.406068258377157,3842,6.5563139931740615,-0.043461336154028286,-15.689542351604212,1821,5.044321329639889,NFC West
NYG,2009,402,427,8,8,0,0.13521390077339707,76.66628173851613,4019,7.038528896672505,-0.0835315949568838,-36.169180616330685,1848,4.267898383371825,0.05436491869417764,28.75904198921997,3418,6.449056603773585,0.01801866581192044,7.35161565126354,1777,4.3341463414634145,NFC East
NYG,2010,394,347,10,6,0,0.04834427395624271,26.492662128021003,3885,7.0636363636363635,-0.13366666285341766,-61.62033157542554,2222,4.81995661605206,-0.1503000764129282,-87.77524462515008,3353,5.721843003412969,-0.09389404689751664,-35.49194972726129,1633,4.308707124010554,NFC East
NYG,2011,394,400,9,7,0,0.11914000464023773,72.79454283518525,4711,7.697712418300654,-0.09951217657542258,-39.10828539414108,1454,3.6903553299492384,0.10995348023925053,69.49059951120633,4084,6.451816745655608,-0.05819107920966854,-24.556635426480124,1932,4.578199052132701,NFC East
NYG,2012,429,344,9,7,0,0.08802466523016164,45.33270259353324,3496,6.788349514563107,-0.01144911691591667,-4.339215311132417,1813,4.783641160949868,0.06023907342111042,31.926708913188524,3836,7.2105263157894735,-0.029552248733526857,-11.584481503542529,1843,4.701530612244898,NFC East
NYG,2013,294,383,7,9,0,-0.12868333060164402,-77.2099983609864,3588,5.9700499168053245,-0.23589299093046476,-87.98808561706336,1344,3.603217158176944,-0.053021090673562914,-33.350266033671076,3592,5.710651828298887,-0.08027751270182841,-35.08127305069902,1757,3.993181818181818,NFC East
NYG,2014,380,400,6,10,0,0.10783784750673062,68.26135747176048,4272,6.738170347003154,-0.12605288820621027,-55.33721792252631,1612,3.6636363636363636,0.06644720503213562,37.47622363812449,3852,6.80565371024735,0.020058461375764967,8.424553777821286,2180,5.165876777251185,NFC East
NYG,2015,420,442,6,10,0,0.11304030959885024,72.79795938165955,4347,6.7291021671826625,-0.08891346620565953,-35.209732617441176,1620,4.090909090909091,0.16017101312318033,105.23235562192949,4793,7.28419452887538,-0.024436101427865092,-10.483087512554125,1954,4.544186046511628,NFC East
NYG,2016,310,284,11,5,0,-0.01888152452927893,-11.6499006345651,3877,6.283630470016208,-0.11300719336765902,-42.94273347971043,1432,3.768421052631579,-0.043846967992005624,-28.763611002755688,4018,6.09711684370258,-0.14003249900785542,-54.3326096150479,1426,3.6752577319587627,NFC East
NYG,2017,246,388,3,13,0,-0.0910092033942545,-58.24589017232287,3479,5.427457098283932,-0.11064783110650872,-42.710062807112365,1561,4.02319587628866,0.07929034000169567,46.14697788098688,4038,6.926243567753001,-0.06319509941813999,-28.121819241072295,1954,4.391011235955056,NFC East
NYG,2018,369,412,5,11,0,0.04849553437769379,30.649177726702476,4053,6.392744479495268,9.92804732280387e-4,0.3484744610304159,1658,4.7236467236467234,0.13076920241849177,76.2384450099807,4048,6.91965811965812,0.008089009062074,3.462095878567672,1918,4.481308411214953,NFC East
GB,2009,461,297,11,5,0,0.1740318243009986,104.07103093199716,4198,6.985024958402662,-0.01677373959681404,-7.044970630661895,1893,4.507142857142857,-0.1545791745775959,-89.03760455669523,3220,5.590277777777778,-0.24837840490019628,-90.90649619347184,1336,3.630434782608696,NFC North
GB,2010,388,240,10,6,0,0.13478187501667852,77.09523250954011,4124,7.184668989547038,-0.05945359645774996,-24.197613758304232,1620,3.98034398034398,-0.15377598670543344,-86.8834324885699,3107,5.460456942003515,-0.07680040245884104,-30.25935856878337,1840,4.658227848101266,NFC North
GB,2011,560,359,15,1,0,0.3707555814960662,218.375037501183,4918,8.34974533106961,-0.03710903123828064,-13.841668651878678,1585,4.237967914438503,0.012559262263452928,8.339350142932744,4791,7.204511278195489,0.06352597002208084,24.076342638368637,1799,4.734210526315789,NFC North
GB,2012,433,336,11,5,0,0.17258891046815855,105.27923538557671,4057,6.6508196721311474,-0.059316966321094955,-24.6758579895755,1714,4.1201923076923075,-0.05794003843785892,-35.285483408656084,3492,5.696574225122349,-0.010979860963854851,-4.534682578072053,1903,4.596618357487923,NFC North
GB,2013,417,428,8,7,1,0.07263570224967782,44.525685479052505,4268,6.928571428571429,0.034408727121811526,15.277474842084317,2151,4.833707865168539,0.10684806764320769,61.97187923306046,3956,6.797250859106529,0.056727857724191,23.995883817332793,2009,4.749408983451537,NFC North
GB,2014,486,348,12,4,0,0.28375087633733065,160.3192451305918,4261,7.541592920353982,-0.018615035883069512,-7.706624855590778,1941,4.665865384615385,0.009714369266292374,5.809192821242839,3610,6.016666666666667,-0.05133336785696152,-22.484015121349145,1894,4.314350797266515,NFC North
GB,2015,368,323,10,6,0,-0.0157449597074685,-9.746130058923,3509,5.650563607085346,-0.029098167074320346,-12.250328338288865,1865,4.408983451536643,-0.014404321208393663,-8.484145191743869,3644,6.165820642978003,-0.006719836928438626,-2.7954521622304687,1908,4.575539568345324,NFC North
GB,2016,432,388,10,6,0,0.1708099684459825,111.53890939522657,4201,6.42354740061162,0.02746996768657236,9.834248431792904,1722,4.810055865921788,0.13814263111725514,84.26700498152563,4298,7.011419249592169,-0.05825130437057073,-21.43648000837003,1535,4.159891598915989,NFC North
GB,2017,320,384,7,9,0,-0.041887333925032744,-25.299949690719778,3169,5.23801652892562,0.06941431180326295,26.099781238026868,1728,4.583554376657825,0.17650735887157742,96.54952530275285,3793,6.908925318761384,-0.09661639638919049,-43.47737837513572,1809,4.011086474501108,NFC North
GB,2018,376,400,6,9,1,0.042070233102610155,28.944320374595787,4242,6.156748911465892,0.12772455665602753,41.89365458317703,1675,5.1067073170731705,0.13921416116377214,79.35207186335012,3756,6.577933450087565,-0.015615524823836957,-6.714675674249891,1934,4.497674418604651,NFC North
NE,2009,427,285,10,6,0,0.18741132276783878,114.32090688838166,4438,7.251633986928105,-0.034282707953522985,-15.427218579085343,1942,4.315555555555555,-0.00472886123013936,-2.520483035664279,3355,6.259328358208955,-0.06679636400490041,-25.983785597906262,1777,4.556410256410256,AFC East
NE,2010,518,313,14,2,0,0.24684051125363465,131.07231147568,3847,7.24482109227872,0.0805879656555706,34.73341319755093,2032,4.69284064665127,-0.004016577524198777,-2.5706096154872173,4137,6.423913043478261,-0.05207177544304153,-21.245284380760943,1738,4.239024390243903,AFC East
NE,2011,513,342,13,3,0,0.27535672791884125,175.67759241222072,5088,7.962441314553991,0.045044788286143334,19.234124598183204,1781,4.17096018735363,0.10626799992613342,69.71180795154353,4722,7.165402124430956,-0.023433950200918662,-9.279844279563791,1869,4.707808564231738,AFC East
NE,2012,557,331,12,4,0,0.26164851910136006,172.68802260689765,4634,7.0212121212121215,0.045688388706220134,23.39245501758471,2193,4.258252427184466,0.026078732263909474,16.194892735887784,4306,6.911717495987159,-0.1835165324688035,-74.14067911739662,1639,3.997560975609756,AFC East
NE,2013,444,338,12,4,0,0.09103004372608794,59.988798815491954,4086,6.1909090909090905,-0.06335520081247714,-28.63655076723967,2071,4.581858407079646,0.01247917288172678,7.861878915487872,3824,6.050632911392405,-0.017139128396932445,-8.106807731749047,2150,4.526315789473684,AFC East
NE,2014,468,313,12,4,0,0.18084820575985663,114.29606604022939,4121,6.510268562401264,-0.01299305132991021,-5.444088507232378,1759,4.178147268408551,0.01687465474370946,10.3441633578939,3843,6.258957654723127,-0.06771047085887127,-27.55816163956061,1683,4.125,AFC East
NE,2015,465,315,12,4,0,0.18744216403541705,124.64903908355234,4587,6.897744360902256,-0.01031673957270516,-3.755293204464678,1425,3.9148351648351647,0.017712620708595056,11.406927736335216,3854,5.956723338485316,-0.10640812885762915,-41.605578383333,1585,4.053708439897698,AFC East
NE,2016,441,250,14,2,0,0.2642596225713579,150.62798486567397,4310,7.56140350877193,-0.026456409332621143,-12.196404702338347,1892,4.086393088552915,1.8143867749680035e-4,0.11358061211299714,3810,6.086261980830671,-0.09253487524971955,-33.405089965148754,1420,3.8904109589041096,AFC East
NE,2017,458,296,13,3,0,0.23434056860349037,145.29115253416404,4396,7.090322580645161,-0.007573702337368052,-3.2718394097429986,1901,4.400462962962963,0.05983602768139659,37.21800921782868,4022,6.424920127795527,0.014858887467214036,5.586941687672478,1847,4.847769028871391,AFC East
NE,2018,436,325,11,5,0,0.16559291005286586,97.86540984124373,4258,7.1925675675675675,0.03471560211581757,15.865030166928628,2055,4.486899563318778,-0.017012254606640874,-10.700708147577108,3943,6.248811410459588,-0.04018631463045007,-14.547445896222923,1809,4.997237569060774,AFC East
OAK,2009,197,379,5,11,0,-0.284749925040973,-149.20896072146988,2557,4.879770992366412,-0.14143654563155822,-56.85749134388641,1709,4.240694789081886,0.0968533756605183,45.32737980912256,3303,7.012738853503185,-0.004180677835370051,-2.224120608416867,2503,4.696060037523452,AFC West
OAK,2010,410,371,8,8,0,-0.06886549076958169,-36.429844617108714,3177,5.983050847457627,-0.004738481010536648,-2.3123787331418844,2509,5.130879345603272,-0.054117497912339836,-27.599923935293315,3012,5.905882352941177,-0.11810928880656665,-54.212163562214094,2151,4.676086956521739,AFC West
OAK,2011,359,433,8,8,0,0.07102207731484371,38.56498798196014,3960,7.26605504587156,-0.07295924655909065,-33.5612534171817,2117,4.602173913043479,0.09407258309002654,58.70129184817656,4029,6.425837320574162,-0.004084641607552896,-1.7032955503495575,2184,5.237410071942446,AFC West
OAK,2012,290,443,4,12,0,-0.014317050900251661,-9.349034237864334,4088,6.2603369065849925,-0.2012116498769915,-74.64952210436384,1423,3.8150134048257374,0.16239061340729496,88.82766553379034,3775,6.90127970749543,-0.0527733714194695,-22.3231361104356,1908,4.489411764705882,AFC West
OAK,2013,322,453,4,12,0,-0.06732149554918836,-37.16146554315198,3340,6.0071942446043165,-0.03929361125255638,-16.778372004841575,2002,4.688524590163935,0.15812609731202643,92.34564083022343,4112,7.017064846416382,-0.07109127652919307,-30.498157631023826,1722,4.004651162790697,AFC West
OAK,2014,253,452,3,13,0,-0.10680327477412588,-68.56770240498881,3280,5.0852713178294575,-0.24191494929749632,-80.31576316676878,1240,3.7237237237237237,0.1344605845171812,75.0290061605871,3810,6.803571428571429,-0.05257689350485351,-24.29052479924232,1933,4.174946004319654,AFC West
OAK,2015,359,399,7,9,0,0.00963119543757044,6.115809102857229,3876,6.0847723704866565,-0.10287910058511515,-36.83071800947122,1467,4.097765363128492,0.046736373786902034,31.640525053732677,4148,6.117994100294985,-0.061256856128036184,-24.318971882830365,1686,4.236180904522613,AFC West
OAK,2016,416,385,12,4,0,0.09520991291109691,58.3636766145024,4055,6.6042345276872965,-0.051207653300430894,-21.25117611967882,1952,4.703614457831326,0.09343577476632586,52.60434119344146,4124,7.299115044247787,-0.031376075882408254,-12.95831933943461,1896,4.5907990314769975,AFC West
OAK,2017,301,373,6,10,0,-0.015543232431101025,-8.999531577607494,3635,6.256454388984509,-0.12658040869169335,-45.442366720317914,1564,4.344444444444444,0.16465383270882583,92.20614631694248,3857,6.8875,-0.04194252488504731,-17.531975401949776,1767,4.217183770883055,AFC West
OAK,2018,290,467,4,12,0,-0.0037902537096318107,-2.262781464650191,3753,6.255,-0.09956120507491714,-37.335451903093926,1640,4.361702127659575,0.2291593475009644,113.20471766547641,3855,7.803643724696356,0.0989156732000123,45.50120967200565,2274,4.943478260869565,AFC West
DET,2009,262,494,2,14,0,-0.20599470716744606,-126.27475549364443,3170,5.154471544715447,-0.11843892918198719,-47.84932738952282,1620,3.9901477832512313,0.17663228209092097,99.79723938137035,4254,7.5159010600706715,-0.08962716394602338,-38.89818915257415,2046,4.703448275862069,NFC North
DET,2010,362,369,6,10,0,0.04001881382661319,26.33237949791148,3847,5.83763277693475,-0.11334806231550285,-45.22587686388564,1614,4.035,-0.06956765346847206,-38.88831828887588,3497,6.222419928825623,0.00948119400206952,4.048469838883685,2014,4.716627634660422,NFC North
DET,2011,474,387,10,6,0,0.15445407261336708,111.6702944994644,5086,7.024861878453039,-0.027136343062551974,-9.877628874768918,1559,4.271232876712329,-0.06916328347105498,-45.509440523954176,4121,6.234493192133131,-0.0016962932477941463,-0.6869987653566292,2078,5.0931372549019605,NFC North
DET,2012,372,437,4,12,0,0.050642364389623086,38.43755457172392,4927,6.465879265091863,-0.07955186964210673,-30.62746981221109,1619,4.183462532299742,0.07982593056762555,45.42095449297894,3578,6.277192982456141,-0.015168746154881165,-6.219185923501278,1978,4.81265206812652,NFC North
DET,2013,395,376,7,9,0,0.08782553738569447,57.43790145024418,4478,6.847094801223242,-0.07461663966496433,-32.23438833526459,1812,4.194444444444445,0.07286961476700957,44.08611693404079,3956,6.506578947368421,-0.19187787486777916,-69.26791282726828,1628,4.497237569060774,NFC North
DET,2014,321,282,11,5,0,0.09010753070719232,57.75892718331028,4022,6.255054432348367,-0.10026333275333842,-37.89953978076192,1440,3.8095238095238093,0.02059377229688649,12.91229523014783,3702,5.876190476190477,-0.24853135960745373,-85.49478770496408,1118,3.25,NFC North
DET,2015,358,400,7,9,0,0.0616702333042278,41.56573724704953,4212,6.249258160237389,-0.11491959853396994,-39.41742229715169,1352,3.9302325581395348,0.1260143145210072,71.70214496245309,3792,6.652631578947369,-0.041775988772345785,-17.211707374206462,1819,4.393719806763285,NFC North
DET,2016,346,358,9,7,0,0.11907304690785729,74.65880041122652,4111,6.546178343949045,-0.046797218458804316,-15.957851494452273,1319,3.8567251461988303,0.21484711974008264,123.10739961106735,3979,6.92,-0.01670688825829993,-6.265083096862474,1721,4.589333333333333,NFC North
DET,2017,410,376,9,7,0,0.07166578852709136,44.21779152121537,4187,6.775080906148867,-0.19124087277892696,-67.69926896374015,1230,3.464788732394366,-0.0385158867267602,-23.302111469689923,3895,6.427392739273928,-0.04040553597254288,-16.84910850055038,1817,4.34688995215311,NFC North
DET,2018,324,360,6,10,0,0.03377319433966876,20.770514518896285,3576,5.7957860615883305,-0.040853412689032795,-16.137098012167954,1670,4.217171717171717,0.13338883770246396,71.62980584622315,3603,6.684601113172541,0.0010302170801394304,0.40075444417423833,1776,4.553846153846154,NFC North
WAS,2009,266,336,4,12,0,-0.020241812948232088,-11.53783338049229,3499,6.1171328671328675,-0.11208439470891558,-43.040407568223586,1520,3.9583333333333335,0.08665230027792585,47.485460552303365,3320,6.04735883424408,-0.14109824661507986,-60.53114779786927,1820,4.232558139534884,NFC East
WAS,2010,302,377,6,10,0,-0.0792420811847873,-51.11114236418781,3917,6.035439137134053,-0.1365683010083002,-46.842927245846965,1469,4.282798833819242,0.0758172122598017,45.86941341718003,4189,6.912541254125412,-0.03420574485288501,-14.845293266152092,2054,4.732718894009216,NFC East
WAS,2011,288,367,5,11,0,-0.04339369142139089,-26.817301298419572,3772,6.083870967741936,-0.08079154671433673,-31.508703218591325,1604,4.10230179028133,0.022125580025222927,12.10269227379694,3553,6.483576642335766,-0.002527185107167621,-1.0715264854390714,1894,4.466981132075472,NFC East
WAS,2012,436,388,10,6,0,0.1832611374059042,80.26837818378604,3188,7.229024943310658,0.09708693004383133,45.53377019055689,2478,5.2835820895522385,0.06780685437909321,42.37928398693325,4186,6.676236044657097,-0.02588214760373678,-8.799930185270506,1481,4.355882352941176,NFC East
WAS,2013,334,478,3,13,0,-0.06701037392251062,-43.48973267570939,3767,5.795384615384616,-0.015011442386970908,-6.770160516523879,2155,4.767699115044247,0.09419500419024103,51.4304722878716,3896,7.109489051094891,-0.0423721628551244,-17.753936236297125,1793,4.279236276849642,NFC East
WAS,2014,301,438,4,12,0,-0.010198377288927666,-6.057836109623034,4047,6.756260434056761,-0.0641538185770761,-25.019989245059676,1697,4.2853535353535355,0.2337791892992938,129.74745006110805,3971,7.129263913824057,-0.09889414142069307,-40.744386265325545,1727,4.191747572815534,NFC East
WAS,2015,388,379,9,7,0,0.17377344393998784,101.65746470489289,4099,7.006837606837607,-0.1367563841422292,-56.20687388245621,1582,3.8120481927710843,0.0919961534559775,55.381684380498456,4127,6.832781456953643,-0.05300727260339276,-21.255916313960498,1969,4.898009950248756,NFC East
WAS,2016,396,383,8,7,1,0.18069303991818003,112.93314994886252,4758,7.576433121019108,0.008208876052306673,3.020866387248856,1713,4.654891304347826,0.16873486088644693,104.95308347136998,4128,6.626003210272873,-0.015860209919732794,-6.58198711668911,1925,4.627403846153846,NFC East
WAS,2017,342,388,7,9,0,0.02947330950064687,17.035572891373892,3751,6.489619377162629,-0.13470914454282965,-52.2671480826179,1458,3.7193877551020407,-0.04741744786940623,-26.980527837692144,3421,5.991243432574431,0.026726272498716994,12.347537894407251,2122,4.593073593073593,NFC East
WAS,2018,281,359,7,9,0,-0.10033758792310803,-54.9849981818632,3025,5.510018214936248,0.012672085924827454,5.157538971404774,1782,4.378378378378378,0.029739576960628542,17.33817336804644,3798,6.5034246575342465,0.06956537633025969,27.54788902678284,1879,4.744949494949495,NFC East
TEN,2009,354,402,8,8,0,-0.04746863512138929,-23.164693939237974,3031,6.211065573770492,0.021057361961491404,10.297049999169298,2605,5.316326530612245,0.060816953448576364,38.31468067260311,4131,6.557142857142857,-0.04867574627573627,-18.740162316158468,1744,4.518134715025907,AFC South
TEN,2010,356,339,6,10,0,0.013179217811675319,6.536892034590958,3109,6.242971887550201,-0.13170340804393849,-52.0228461773557,1737,4.39746835443038,0.026231350601056663,17.233997344894227,4016,6.103343465045593,-0.08096647437148502,-37.730377057112015,1874,4.004273504273504,AFC South
TEN,2011,325,317,9,7,0,-7.562531437356638e-4,-0.4552643925288697,3923,6.495033112582782,-0.1232955560430267,-44.63299128757566,1451,3.9862637362637363,0.03508275288420674,21.43556201225032,3629,5.920065252854813,-0.08564719294208824,-38.71253120982389,2058,4.543046357615894,AFC South
TEN,2012,330,471,6,10,0,-0.08705256639526927,-49.61996284530348,3319,5.792321116928447,-0.09396301894522145,-34.67235399078672,1695,4.568733153638814,0.07165472594515915,42.99283556709548,3959,6.598333333333334,0.03377386271414137,15.637298436647455,2054,4.426724137931035,AFC South
TEN,2013,362,381,7,9,0,0.056937187431679845,32.16951089889911,3496,6.187610619469027,-0.01824494276295587,-8.246714128856052,1906,4.216814159292035,0.03046319190859675,17.546798539351727,3612,6.249134948096886,-0.040544709023749265,-17.474769589235933,1810,4.199535962877031,AFC South
TEN,2014,254,438,2,14,0,-0.09836811240072012,-54.2991980451975,3372,6.0647482014388485,-0.08131010233112569,-28.051985304238364,1460,4.231884057971015,0.13362376384120317,77.36815926405664,3774,6.506896551724138,-0.029534822776674685,-14.531132806123944,2162,4.394308943089431,AFC South
TEN,2015,299,423,3,13,0,-0.051378172322286954,-30.57001253176074,3507,5.835274542429285,-0.13586461573704428,-49.862313975495255,1492,4.0653950953678475,0.14970161806734963,80.98857537443615,3675,6.792975970425139,-0.06635820959867089,-29.06489580421785,1821,4.138636363636364,AFC South
TEN,2016,381,378,9,7,0,0.06981377870383869,37.071116491738344,3533,6.640977443609023,0.008002072186662842,3.704959422424896,2209,4.771058315334773,0.09710291833292302,65.25316111972427,4307,6.409226190476191,-0.07333564354932597,-25.30079702451746,1429,4.142028985507246,AFC South
TEN,2017,334,356,9,7,0,-0.1307331990133267,-68.89639588002316,3191,6.043560606060606,-0.044753962729043244,-19.199450010759552,1846,4.293023255813954,0.047481559763262245,30.293235128961314,3836,5.984399375975039,-0.15668045452864654,-60.79201635711486,1430,3.6760925449871467,AFC South
TEN,2018,310,303,9,7,0,0.012546867723567764,6.060137110483231,2975,6.159420289855072,-0.006374897055389334,-2.8368291896482534,2032,4.5662921348314605,0.035192758175085624,19.919101127098465,3471,6.110915492957746,-0.015181838000988766,-6.300462770410338,1875,4.496402877697841,AFC South
PHI,2009,429,337,11,5,0,0.03268077145530027,19.21629361571656,4086,6.913705583756345,-0.018607149186226295,-6.773002303786371,1664,4.571428571428571,-0.10560108382941774,-65.36707089040958,3464,5.587096774193548,-0.12402852705059852,-49.98349640139121,1687,4.186104218362283,NFC East
PHI,2010,439,377,10,6,0,0.016183717882497853,9.774965601028702,3904,6.442244224422442,0.1191269044581859,49.199411541230774,2341,5.654589371980676,0.005516055412909177,3.116571308293685,3473,6.125220458553792,-0.07033752320981775,-29.119734608864547,1766,4.265700483091788,NFC East
PHI,2011,396,328,8,8,0,0.020485849725363225,11.799849441809217,4110,7.098445595854923,0.07802565828915717,34.09721267236168,2289,5.237986270022883,-0.04511189579738363,-25.443109229724367,3397,6.001766784452297,-0.0711067867474542,-28.442714698981682,1819,4.5361596009975065,NFC East
PHI,2012,280,444,4,12,0,-0.04648783804290869,-30.4960217561481,3781,5.746200607902735,-0.1502833459015627,-61.01503843603445,1894,4.653562653562654,0.14241941647638415,72.63390240295591,3457,6.7784313725490195,-0.03084690958632542,-14.312966048054996,2049,4.415948275862069,NFC East
PHI,2013,442,382,10,6,0,0.12783030728523526,70.43449931416463,4126,7.461121157323689,0.04070802450759558,19.621267812661067,2567,5.325726141078838,0.07586573902076348,53.25774879257596,4639,6.6082621082621085,-0.13967522581462735,-60.479372777733644,1685,3.8914549653579678,NFC East
PHI,2014,474,400,10,6,0,0.08975585596093512,58.251550518646894,4356,6.691244239631336,-0.11504163088265179,-52.68906694425452,1951,4.259825327510917,0.05823016252816472,36.85969288032827,4198,6.60062893081761,-0.14097948066276597,-64.42762266288405,1786,3.9080962800875274,NFC East
PHI,2015,377,430,7,9,0,0.008433306491746416,5.5322490585856485,4087,6.211246200607903,-0.08244964045972604,-35.53579503814193,1752,4.055555555555555,0.052441348376220484,34.92593801856284,4275,6.409295352323838,0.047398263148121955,21.708404521839856,2173,4.744541484716157,NFC East
PHI,2016,367,331,7,9,0,0.022738913045985697,14.552904349430845,3587,5.6046875,-0.0452611818233587,-19.46230818404424,1833,4.2627906976744185,-0.033627039509453886,-19.705445152539976,3832,6.539249146757679,-0.032559702016485025,-12.079649448115944,1672,4.470588235294118,NFC East
PHI,2017,457,295,13,3,0,0.10776379975022847,64.011697051635707,3737,6.25963149078727,-0.01762630358637967,-8.03759443538913,2137,4.68640350877193,-0.09334130388655613,-59.271727967963145,3637,5.718553459119497,-0.16489835152719115,-54.581354355500274,1256,3.794561933534743,NFC East
PHI,2018,367,348,9,7,0,0.10350036733964421,65.61923289333443,4277,6.7248427672955975,-0.003920704051706459,-1.5290745801655192,1589,4.063938618925831,0.05814088839130953,38.66369078022084,4310,6.432835820895522,0.023874963227292968,7.783238012097508,1557,4.776073619631902,NFC East
NYJ,2009,348,236,9,7,0,-0.19675315455973982,-82.04606545141151,2382,5.684964200477327,0.02592788849102732,15.375237875179199,2776,4.681281618887015,-0.2504605493896479,-133.24501227529268,2459,4.613508442776736,-0.12300167379551986,-50.43068625616314,1591,3.8710462287104623,AFC East
NYJ,2010,367,304,11,5,0,-0.01637063197796904,-8.954735691949063,3244,5.93053016453382,-0.057811792011813495,-30.293379014190272,2385,4.534220532319392,-0.04561278867006958,-25.725612809919244,3209,5.649647887323944,-0.2421074366575638,-96.84297466302552,1503,3.7575,AFC East
NYJ,2011,377,363,8,8,0,-0.13254370725201192,-76.87535020616691,3297,5.664948453608248,-0.059936259398087166,-26.132209097566005,1699,3.896788990825688,-0.09136869456513316,-48.425408119520576,3216,6.033771106941838,-0.10980145310519132,-48.0930364600738,1791,4.070454545454545,AFC East
NYJ,2012,281,375,6,10,0,-0.2195257938769002,-116.56819654863399,2857,5.34018691588785,-0.05238596497174727,-25.459578976269178,1896,3.8773006134969323,-0.009685760974145247,-5.007538423633092,3008,5.818181818181818,-0.05058076235117967,-24.1270236415127,2157,4.51255230125523,AFC East
NYJ,2013,290,387,8,8,0,-0.12506523734476324,-65.03392341927689,2932,5.616858237547893,-0.0820094510873382,-39.61056487518435,2164,4.461855670103093,0.06991292217059834,43.48583759011217,3957,6.351524879614767,-0.1560130149542258,-63.96533613123257,1424,3.473170731707317,AFC East
NYJ,2014,283,401,4,12,0,-0.0696312224496535,-37.39196645546393,2946,5.44547134935305,-0.05254048425394444,-26.322782611226163,2248,4.487025948103793,0.11349933037548562,65.37561429627972,3763,6.510380622837371,-0.0637507760505501,-24.03404257105739,1506,3.9946949602122017,AFC East
NYJ,2015,387,314,10,6,0,0.11637077236607685,72.8481035011641,4057,6.480830670926518,-0.07671554880654623,-33.29454818204106,1879,4.319540229885058,-0.00389583032378153,-2.4738522556012716,3763,5.9073783359497645,-0.2085302242292876,-75.6964713952314,1347,3.7107438016528924,AFC East
NYJ,2016,275,409,5,11,0,-0.08423657306361812,-48.85721237689852,3467,5.967297762478485,-0.03420565746076464,-14.126936531295796,1800,4.358353510895884,0.17040671767083634,96.96142235470587,3902,6.84561403508772,-0.13107110569525143,-53.21486891227208,1644,4.0492610837438425,AFC East
NYJ,2017,298,382,5,11,0,-0.03182732262192669,-17.4095454741939,3182,5.7644927536231885,-0.08116102827795388,-33.438343650517,1719,4.162227602905569,0.10279142510475972,59.927400836074916,3753,6.437392795883362,-0.11650548219133267,-53.592521808013025,1895,4.119565217391305,AFC East
NYJ,2018,333,441,4,12,0,-0.112648277604429,-62.5197940704581,3165,5.702702702702703,-0.10993494821838383,-43.75410939091677,1635,4.097744360902255,0.0720976794607643,44.6284635862131,4067,6.559677419354839,0.04728997302548881,20.003658589781764,2041,4.825059101654847,AFC East
KC,2009,294,424,4,12,0,-0.16662066330946926,-95.64026073963535,2917,5.055459272097054,-0.14342487545053115,-62.10297107007998,1920,4.413793103448276,0.027594520306918325,14.542312201745958,3705,7.017045454545454,-0.013836187189147626,-7.125636402411027,2520,4.883720930232558,AFC West
KC,2010,366,326,10,6,0,0.04774707661579659,23.825791231282498,2968,5.936,-0.042698922098526736,-23.356310387894123,2636,4.810218978102189,-0.020488254239087633,-12.518323340082544,3519,5.75,-0.06495159668412712,-25.720832286914337,1774,4.468513853904282,AFC West
KC,2011,212,338,7,9,0,-0.06706107373003316,-35.20706370826741,3086,5.878095238095238,-0.12678955453803725,-59.84466974195359,1898,3.9873949579831933,0.08938690636101908,42.6375543342061,3217,6.7301255230125525,-0.062040809269882875,-30.896323016401674,2120,4.248496993987976,AFC West
KC,2012,211,425,2,14,0,-0.23322724167345732,-117.54652980342249,2713,5.351084812623274,-0.057327562235909756,-28.31981574453942,2404,4.856565656565657,0.2119780116489341,103.02131366138197,3533,7.254620123203286,-0.019908490191582945,-9.237539448894486,2191,4.701716738197425,AFC West
KC,2013,430,305,11,5,0,-0.005417483703611948,-3.131305580687706,3340,5.748709122203098,-7.273221664970211e-4,-0.30765727642824003,2073,4.900709219858156,-0.06368082570949514,-40.182601022691436,3962,6.249211356466877,-0.054958511258362444,-23.13753323977059,1931,4.5866983372921615,AFC West
KC,2014,353,281,9,7,0,0.0895099083948708,48.60388025841485,3202,5.8968692449355435,-0.0037705590303470705,-1.5459292024422988,1909,4.633495145631068,0.01413121752996562,8.266762255029889,3254,5.534013605442177,-0.01918707698355866,-8.001011102143961,2050,4.880952380952381,AFC West
KC,2015,405,287,11,5,0,0.05089957831524507,26.3150819889817,3260,6.293436293436294,0.033245168117051985,13.996215777278884,2055,4.858156028368795,-0.06167418622300718,-40.02654685873166,3700,5.666156202143951,-0.09816249646457513,-37.00726116714482,1582,4.174142480211081,AFC West
KC,2016,389,311,12,4,0,0.06322180100620599,36.41575737957465,3742,6.4852686308492205,-0.05401913825824497,-21.175502197232028,1769,4.512755102040816,-0.025391320552673034,-15.844184024867973,3960,6.325878594249201,-0.009859740632984877,-4.200249509651558,1949,4.553738317757009,AFC West
KC,2017,415,339,10,6,0,0.17005851374898648,98.29382094691418,4104,7.100346020761246,-0.025111240229707083,-9.944051130964004,1883,4.7430730478589425,0.05514109034725215,32.91923093730953,3954,6.59,-0.010234452534266386,-4.4417523998716115,1906,4.381609195402299,AFC West
KC,2018,565,421,12,4,0,0.36312501401345354,220.05375849215284,4955,8.176567656765677,0.08943974655641311,33.62934470521133,1869,4.970744680851064,0.07067937217349543,48.486049311017865,4382,6.350724637681159,0.09350310011566462,39.08429584834781,2124,5.057142857142857,AFC West
JAX,2009,290,380,7,9,0,-0.036765658094170636,-20.478471558453045,3361,6.023297491039426,0.016668833641986163,7.200936133338022,2046,4.725173210161663,0.19691156885837766,103.77239678836503,3776,7.165085388994307,-0.08391062093528018,-37.088494453393835,1880,4.253393665158371,AFC South
JAX,2010,353,419,8,8,0,-0.03434370701424673,-17.206197214137614,3067,6.09741550695825,0.038764243781945575,19.420886134754735,2394,4.75,0.20349203013513303,107.03680785107998,3993,7.5625,-0.034607561120774476,-14.15449249839676,1954,4.765853658536585,AFC South
JAX,2011,243,329,5,11,0,-0.26166556724942874,-132.40277702821092,2179,4.272549019607843,-0.09203882101063958,-43.62640115904316,1985,4.178947368421053,0.009334746664929118,5.031428452396795,3343,6.202226345083488,-0.13453920776713432,-56.23738884666214,1688,4.038277511961723,AFC South
JAX,2012,255,444,2,14,0,-0.12413685402807637,-78.2062180376881,3430,5.418641390205371,-0.12284198907215185,-43.60890612061391,1376,3.876056338028169,0.0971841533733373,53.54846850870885,3834,6.933092224231465,0.013238898884746747,6.963660813376789,2261,4.290322580645161,AFC South
JAX,2013,247,449,4,12,0,-0.1695515587932069,-107.66523983368639,3239,5.292483660130719,-0.1891569344578296,-70.74469348722828,1151,3.336231884057971,0.1449337118514702,83.77168545014976,3623,6.551537070524413,-0.03461871135364604,-16.824693717871977,2028,4.437636761487965,AFC South
JAX,2014,249,412,3,13,0,-0.21487572755784715,-134.29732972365446,3002,4.780254777070064,-0.07679600164982345,-27.492968590636792,1636,4.569832402234637,0.07050855348721066,40.96546957606939,3895,6.680960548885078,-0.04804893311241852,-23.01543896084847,2054,4.279166666666667,AFC South
JAX,2015,376,448,5,11,0,0.04476376898180684,29.409796221047095,4110,6.236722306525038,-0.16428897840906276,-57.172564486353835,1466,4.212643678160919,0.16598006087139344,105.23135859246345,4291,6.75748031496063,-0.08460580253966332,-37.48037052507085,1734,3.9054054054054053,AFC South
JAX,2016,318,400,3,13,0,-0.05736822158345027,-37.63355335874338,3730,5.668693009118541,-0.1062689862597834,-41.01982869627639,1640,4.237726098191215,-0.0016156641368724298,-0.9290068787016471,3444,5.979166666666667,-0.02448012786114742,-10.550935108154539,1722,3.967741935483871,AFC South
JAX,2017,417,268,10,6,0,0.0726206723330664,40.15923180018572,3599,6.496389891696751,-0.03071497602876951,-15.726067726729989,2307,4.505859375,-0.24661429598114315,-136.87093426953444,2720,4.892086330935252,-0.09183172039022362,-38.29382740272325,1871,4.476076555023924,AFC South
JAX,2018,245,316,5,11,0,-0.13162405324138404,-77.00007114620966,3109,5.296422487223168,-0.06048421074128652,-24.73804219318619,1729,4.217073170731707,0.023189063757309614,12.313392855131406,3113,5.840525328330206,-0.029211914105075152,-12.181368181816337,1889,4.508353221957041,AFC South
SF,2009,330,281,8,8,0,-0.07806986394159818,-43.79719367123658,3052,5.420959147424512,-0.14074381927088367,-50.52703111824723,1612,4.49025069637883,-0.10110702468299364,-61.77639208130911,3670,5.977198697068404,-0.21589887788720705,-89.16623656741652,1564,3.7777777777777777,NFC West
SF,2010,305,346,6,10,0,-0.06176269194346085,-32.795989421977715,3358,6.288389513108614,-0.09600062480646329,-37.72824554894007,1664,4.223350253807107,-0.011430806768317205,-6.629867925623979,3697,6.374137931034483,-0.133858554690201,-58.89776406368844,1553,3.5215419501133787,NFC West
SF,2011,380,229,13,3,0,0.027799078365051227,13.760543790700357,2938,5.923387096774194,-0.08073260095465366,-38.42871805441515,2032,4.26890756302521,-0.094122983739333893,-57.885634999690346,3697,5.991896272285251,-0.21018585277494756,-72.93449091290681,1245,3.5775862068965516,NFC West
SF,2012,397,273,11,4,1,0.15611644796612764,74.15531278391063,3293,6.932631578947368,0.041950350769676056,19.92641661559613,2508,5.2578616352201255,-0.06749501016796233,-40.159531049937584,3203,5.374161073825503,-0.09295559304542395,-36.43859247380619,1524,3.877862595419847,NFC West
SF,2013,406,272,12,4,0,0.08900991087103173,40.499509446319436,2979,6.547252747252747,-0.07135570328540107,-34.82158320327572,2216,4.531697341513293,-0.05684603730972747,-35.01715898279212,3553,5.739903069466882,-0.12337461670989677,-47.74597666673005,1531,3.945876288659794,NFC West
SF,2014,306,340,8,8,0,0.005280667138283617,2.8198762518434517,3063,5.693308550185874,-0.06975325424968916,-31.807483937858258,2191,4.8048245614035086,0.05701432902576731,33.18233949299657,3548,6.085763293310463,-0.08502518129562166,-33.074795523996826,1610,4.138817480719794,NFC West
SF,2015,238,387,5,11,0,-0.06592502539331982,-37.972814626552214,3318,5.730569948186528,-0.07584509532824701,-28.745291129405622,1554,4.100263852242744,0.16140480814191674,93.29197910602787,4185,7.227979274611399,-0.02131465151244898,-10.188403422950612,2046,4.2803347280334725,NFC West
SF,2016,309,480,2,14,0,-0.1139290875305362,-60.83813274130633,2911,5.4309701492537314,-0.007119670252653551,-3.2038516136940975,2031,4.493362831858407,0.14283150888422122,78.7001613952059,3848,6.983666061705989,0.04432206890714885,23.535018589696037,2679,5.045197740112994,NFC West
SF,2017,331,383,6,10,0,-0.026826567056831292,-17.249482617542522,3925,6.104199066874028,-0.0717595513490513,-28.560301436922423,1674,4.206030150753769,0.0772086064038233,44.163322862986924,3756,6.554973821989528,-0.06921489909426706,-32.73864727158832,1885,3.985200845665962,NFC West
SF,2018,342,435,4,12,0,0.03213918385106797,18.576448265917286,3871,6.674137931034482,-0.09955112248527154,-41.11461358641714,1917,4.641646489104116,0.1828298612920915,104.57868065907634,3736,6.508710801393728,-0.045447017391561,-19.269535374021864,1834,4.3254716981132075,NFC West
BUF,2009,258,326,6,10,0,-0.20013177024855308,-96.66364503005113,2515,5.185567010309279,-0.0825253472988392,-34.24801912901827,1875,4.496402877697841,-0.1465973072898983,-80.48192170215418,2939,5.324275362318841,0.023349206618116042,12.09488902818411,2530,4.884169884169884,AFC East
BUF,2010,283,425,4,12,0,-0.138075260543565,-75.25101699624292,3150,5.737704918032787,-0.14301583541801663,-57.06331833178863,1722,4.29426433915212,0.07573148595714488,37.335622576872424,3074,6.19758064516129,0.004697489634317828,2.621199215949348,2726,4.8765652951699465,AFC East
BUF,2011,372,434,6,10,0,-0.01837085434486155,-10.8939166265029,3711,6.236974789915966,-0.012498011016419475,-4.811734241321497,1918,4.9689119170984455,0.052709847328714685,27.88350923689007,3722,7.009416195856874,0.040865064730433664,18.51187432288645,2236,4.914285714285715,AFC East
BUF,2012,344,435,6,10,0,-0.009111028047535512,-4.883511033479034,3269,6.0762081784386615,-0.01734029132415092,-7.4563252693848945,2229,5.147806004618937,0.061809084003797796,34.922132462145754,3475,6.128747795414462,0.09985986685359849,45.835678885801705,2345,5.086767895878525,AFC East
BUF,2013,339,388,6,10,0,-0.18085041486902687,-102.54218523073824,3107,5.470070422535211,-0.006837456089349352,-3.6033393590871086,2338,4.428030303030303,-0.11605832087149395,-70.9116340524828,3273,5.330618892508143,-0.0914853220626269,-41.80879218262049,2077,4.544857768052516,AFC East
BUF,2014,343,289,9,7,0,-0.0018264995443004824,-1.1123382224789937,3616,5.918166939443535,-0.15838467239141193,-62.08679157743347,1500,3.826530612244898,-0.0804546333751461,-48.43368929183796,3283,5.435430463576159,-0.08126542820157141,-32.993763849838,1724,4.2254901960784315,AFC East
BUF,2015,379,359,8,8,0,0.062061031251352594,31.402881813184415,3343,6.593688362919132,0.04189342697262721,20.73724635145047,2456,4.961616161616162,0.05639667130787543,35.191522896114265,3978,6.3648,0.027650792210576144,10.341396286755478,1753,4.674666666666667,AFC East
BUF,2016,399,378,7,9,0,0.040717532377530966,20.969529174428448,3039,5.855491329479769,0.09325854442678061,45.51016968026894,2640,5.409836065573771,0.04545570197859816,24.90972468427179,3586,6.508166969147005,-0.02629570807786799,-11.938251467352067,2142,4.707692307692308,AFC East
BUF,2017,302,359,9,7,0,-0.05426227540477629,-28.162120935078892,2825,5.4326923076923075,-0.05415280469764885,-25.505971012592607,2035,4.311440677966102,0.010966904747380313,6.514341419943906,3688,6.1879194630872485,0.05212155571987801,23.141970739625837,2016,4.54054054054054,AFC East
BUF,2018,269,374,6,10,0,-0.25517809058804736,-136.7754565551934,2796,5.187384044526902,-0.008994717281279194,-4.101591080263312,1993,4.342047930283225,-0.11742969716932675,-62.12030980257385,2867,5.409433962264151,-0.029775074970936434,-12.565081637735176,1858,4.382075471698113,AFC East
SD,2009,454,320,13,3,0,0.3027083803274921,164.06794213750072,4338,8.00369003690037,-0.13908234069366554,-57.30192436579021,1435,3.4578313253012047,0.009452440921775985,5.312271798038103,3348,5.9361702127659575,-0.046962413375752694,-19.630288791064626,1887,4.471563981042654,AFC West
SD,2010,441,322,9,7,0,0.22011541584678676,127.22671035944275,4521,7.821799307958478,-0.10577535681619667,-47.17580914002371,1822,4.039911308203991,-0.1720422140068763,-91.35441563765131,2830,5.319548872180451,-0.10949168437581878,-42.81124859094515,1510,3.8227848101265822,AFC West
SD,2011,406,377,8,8,0,0.19055860708042843,115.47851589073963,4426,7.2915980230642505,-0.047749784412734524,-20.150409022173967,1874,4.388758782201405,0.15377160548118038,76.88580274059018,3591,7.139165009940358,-4.7880439653679693e-4,-0.212110347665801,1964,4.423423423423423,AFC West
SD,2012,350,350,7,9,0,-0.012198818721876234,-6.953326671469454,3296,5.772329246935201,-0.1299132267771748,-51.70546425731556,1470,3.6476426799007444,0.04741040210790433,28.541062068958404,3683,6.097682119205298,-0.1692993907449662,-67.55045690724151,1505,3.7531172069825436,AFC West
SD,2013,396,348,9,7,0,0.3040258945842216,173.2947599130063,4328,7.566433566433567,-0.045501848386729,-21.704381680469734,1967,4.097916666666666,0.10595672723984781,60.81916143567264,4148,7.176470588235294,0.07646102970968424,28.367042022292853,1718,4.605898123324397,AFC West
SD,2014,348,348,9,7,0,0.1449743022049572,87.56447853179415,4099,6.775206611570248,-0.1236771892591495,-48.60513537884575,1372,3.4646464646464645,0.09046629757529447,48.67086809550842,3426,6.297794117647059,-0.09905332239473251,-43.08819524170865,1987,4.536529680365297,AFC West
SD,2015,320,398,4,12,0,0.14163965230000314,99.7143152192022,4596,6.509915014164306,-0.1783203305293276,-68.83164758432046,1364,3.515463917525773,0.09930548075471131,53.724265088298814,3790,7.00554528650647,-0.005160081252434599,-2.094992988488447,2018,4.970443349753695,AFC West
SD,2016,410,423,5,11,0,0.07686814805947771,46.96643846434088,4202,6.854812398042414,-0.08833133168270584,-34.44921935625528,1516,3.8575063613231553,0.04534727962008621,27.70718784787267,3990,6.508972267536705,-0.08223028470422164,-32.645423027575994,1588,4,AFC West
DEN,2009,326,324,8,8,0,-0.015149979366700208,-8.84758795015292,3627,6.168367346938775,-0.09752519699683504,-42.13088510263274,1845,4.251152073732719,-0.11523889665900558,-62.11376529920401,2981,5.510166358595194,-0.05227429252588478,-23.52343163664815,2068,4.595555555555555,AFC West
DEN,2010,344,471,4,12,0,0.03687044955107242,22.56471512525632,4021,6.538211382113821,-0.15473097400031324,-60.34507986012216,1571,4.017902813299233,0.17690982838820435,92.17002059025445,3780,7.241379310344827,0.03487009951734174,17.992971350948338,2487,4.801158301158301,AFC West
DEN,2011,309,390,8,8,0,-0.19031205777614094,-89.2563550970101,2436,5.182978723404255,-0.039322945028388456,-21.35235915041493,2651,4.8821362799263355,0.033100625322128374,18.867356433613175,3704,6.4868651488616464,-0.03791216674723777,-17.9703670381907,2037,4.2974683544303796,AFC West
DEN,2012,481,289,13,3,0,0.23846135791286802,144.74604425311088,4544,7.473684210526316,-0.14288071121018206,-65.2964850230532,1843,4.024017467248909,-0.11177781386668746,-67.62557738934592,3195,5.254934210526316,-0.11510574992141055,-45.35166546903576,1470,3.730964467005076,AFC West
DEN,2013,606,399,13,3,0,0.3499078458935312,242.83604505011064,5468,7.878962536023055,-0.02111161966485112,-9.20466617387509,1899,4.345537757437071,0.05000391763119673,32.302530789753085,4076,6.2998454404945905,-0.13080319739044935,-54.021720522255585,1621,3.9154589371980677,AFC West
DEN,2014,482,354,12,4,0,0.23676604827091446,146.32141783142515,4665,7.536348949919224,-0.04746975093201656,-19.984765142378972,1805,4.267139479905437,-0.020493430573716328,-13.935532790127104,3607,5.296622613803231,-0.13157824953456632,-45.26291783989082,1282,3.7159420289855074,AFC West
DEN,2015,355,296,12,4,0,-0.03425502401467289,-22.02598044143467,3970,6.174183514774494,-0.09058923925628373,-36.50746342028235,1727,4.285359801488834,-0.15890501272457214,-98.83891791468386,3196,5.130016051364366,-0.13914497971192538,-54.96226698621053,1348,3.395465994962217,AFC West
DEN,2016,333,297,9,7,0,-0.008339305192499506,-5.045279641462201,3685,6.070840197693575,-0.12847966011273865,-51.006425064757245,1502,3.783375314861461,-0.22101367486224424,-129.73502714413738,2974,5.049235993208828,0.01517544170515137,7.117282159715992,2098,4.473347547974414,AFC West
DEN,2017,289,382,5,11,0,-0.1501360669070078,-92.03340901399577,3335,5.405186385737439,-0.06975877533894519,-31.042655025830612,1868,4.188340807174888,-0.0010687850773632,-0.5557682402288641,3210,6.173076923076923,-0.21081674348925986,-86.85649831757506,1446,3.5012106537530268,AFC West
DEN,2018,329,349,6,10,0,-0.009630704049811908,-5.922882990634323,3695,5.9789644012944985,0.03625117088299579,13.956700789953377,1916,4.976623376623377,0.03981659821825042,23.412159752331245,3929,6.659322033898305,-0.02148283289147875,-8.829444318397766,1932,4.689320388349515,AFC West
CHI,2009,327,375,7,9,0,-0.09677148458477887,-56.99840442043475,3478,5.894915254237288,-0.12916122456674423,-46.88552451772815,1500,4.109589041095891,0.04921485295841474,27.560317656712254,3398,6.035523978685613,-0.08104621691813906,-36.95707491467141,2025,4.440789473684211,NFC North
CHI,2010,334,286,11,5,0,-0.1165318071429484,-60.71307152147612,3017,5.790786948176583,-0.09769793422187407,-38.688381951862134,1636,4.1313131313131315,-0.07662854661543769,-46.66678488880155,3579,5.867213114754098,-0.2090130045164382,-77.96185068463144,1449,3.8847184986595176,NFC North
CHI,2011,353,341,8,8,0,-0.18116894263683356,-92.93966757269561,3011,5.8352713178294575,-0.04432653277455188,-19.81396015022469,2013,4.463414634146342,-0.027863555854922225,-18.334219752538825,4073,6.171212121212121,-0.1587181138539594,-60.31288326450456,1545,4.05511811023622,NFC North
CHI,2012,375,277,10,6,0,-0.10217191874218852,-54.04894501461773,2985,5.632075471698113,-0.03782112634502906,-17.057327981608108,1990,4.412416851441241,-0.15085022996809175,-95.33734533983399,3419,5.401263823064771,-0.1587856329006868,-60.020969236459614,1642,4.343915343915344,NFC North
CHI,2013,445,478,8,8,0,0.1252553351172385,75.77947774592928,4287,7.050986842105263,0.007940511814117219,3.120621142948067,1841,4.6725888324873095,0.051486399368573445,27.751169259661086,3730,6.907407407407407,0.11327837925682907,53.35411662996649,2595,5.509554140127388,NFC North
CHI,2014,319,442,5,11,0,-0.027413270343113607,-17.818625723023843,3793,5.82642089093702,0.0031636679782351255,1.0788107805781777,1463,4.277777777777778,0.20741195762162518,120.50634737816422,4230,7.25557461406518,-0.0280416502815463,-11.30078506346316,1827,4.522277227722772,NFC North
CHI,2015,335,397,6,10,0,0.06319220983202138,34.94529203710782,3665,6.591726618705036,-0.034434419946907886,-15.977570855365258,1859,4.006465517241379,0.12689783612179031,69.15932068637572,3593,6.5926605504587155,-0.0019184231390229785,-0.803819295250628,1946,4.622327790973872,NFC North
CHI,2016,279,399,3,13,0,0.023274077029702012,13.498964677227168,3974,6.8164665523156085,-0.0824609208850937,-30.840384411025045,1737,4.644385026737968,0.10939980309874954,61.482689341497235,3598,6.390763765541741,0.013985375851050266,5.943784736696363,1972,4.629107981220657,NFC North
CHI,2017,264,320,5,11,0,-0.11909336154067002,-60.26124093957903,2783,5.478346456692913,-0.0672474721771746,-28.042195897881804,1795,4.294258373205742,-0.008786452971032557,-4.9994917405175245,3376,5.922807017543859,-0.0911043589087697,-37.626100229321885,1742,4.207729468599034,NFC North
CHI,2018,421,283,12,4,0,0.08851097611769153,48.149971008024195,3570,6.538461538461538,0.01021100096089567,4.605161433363947,1956,4.337028824833703,-0.12045828104697409,-79.86384033414383,3521,5.294736842105263,-0.16291466880609018,-54.90224338765238,1280,3.775811209439528,NFC North
DAL,2009,361,250,11,5,0,0.15375354407276404,89.02330201813037,4287,7.404145077720207,0.0045491195486031255,1.9015319713161063,2119,5.05727923627685,0.008373211414140016,5.08253932838299,3615,5.9457236842105265,-0.1517399286050849,-54.171154512015306,1456,4.067039106145251,NFC East
DAL,2010,394,436,6,10,0,0.03762061081724186,22.60998710116236,4034,6.678807947019868,-0.016436517228667402,-6.886900718811641,1799,4.293556085918855,0.11160757183457867,63.839531089379,3895,6.797556719022688,-0.1328588531645172,-51.15065846833913,1752,4.538860103626943,NFC East
DAL,2011,369,347,8,8,0,0.1345380511272039,80.99190677857676,4201,6.943801652892562,-0.07796642456939168,-30.874704129479106,1819,4.593434343434343,0.0848254918728193,49.45326176185366,3905,6.69811320754717,-0.11744547495336131,-44.0420531075105,1596,4.256,NFC East
DAL,2012,376,400,8,8,0,0.1491112995067339,102.58857406063294,4733,6.839595375722543,-0.09240330444882491,-31.60193012149812,1289,3.7690058479532165,0.16826144104163568,90.69291672144163,3691,6.822550831792976,-0.03139303167482123,-13.561789683522772,2002,4.6342592592592595,NFC East
DAL,2013,439,432,8,8,0,0.08243601114379276,50.86301887572013,3970,6.403225806451613,0.019869071953445484,6.497186528776673,1516,4.636085626911315,0.0856447210678644,55.84035813624759,4591,7.03062787136294,0.043436132344080454,18.37348398154603,2076,4.884705882352941,NFC East
DAL,2014,467,352,12,4,0,0.2697869181382988,135.70281982356428,3768,7.476190476190476,-0.013346307474086007,-6.579729584724402,2364,4.7854251012145745,0.09430191166489049,54.97801450063116,4033,6.905821917808219,-0.06277334563082541,-23.97941803097531,1658,4.3289817232375976,NFC East
DAL,2015,275,374,4,12,0,-0.08201428181674207,-45.681954971925336,3473,6.235188509874327,-0.009923077609941917,-3.9692310439767673,1896,4.74,0.09117189606387671,48.86813629023791,3638,6.762081784386617,0.02250419990616506,9.879343758806462,1952,4.4363636363636365,NFC East
DAL,2016,421,306,13,3,0,0.20617200274095449,105.1477213978868,3631,7.105675146771037,0.0775260536388686,37.29003180029579,2419,5.008281573498965,0.08759988124318374,58.253921026717194,4172,6.236173393124066,-0.07828280178447458,-26.381304201367936,1334,3.9467455621301775,NFC East
DAL,2017,354,332,9,7,0,-0.03586160165553429,-18.719756064188903,3142,6.007648183556405,0.07715335101241094,36.33922832684556,2178,4.604651162790698,0.035182140610906965,20.933373663489643,3425,5.746644295302014,-0.017749224046503878,-6.868949705997,1680,4.3076923076923075,NFC East
DAL,2018,339,324,10,6,0,0.04942071295221172,28.71343422523501,3538,6.089500860585198,0.06449360253805671,27.4097810786741,1981,4.661176470588235,0.05057102055839963,29.17947886219659,3757,6.5,-0.11492527928811327,-44.82085892236418,1528,3.9079283887468033,NFC East
MIA,2009,360,390,7,9,0,-0.0051112142764488016,-2.9185033518522654,3170,5.532286212914485,0.026335889180551277,13.246952257817293,2241,4.446428571428571,0.06386721449081205,33.594154822167134,3756,7.086792452830188,-0.04410505281466894,-18.921067657492976,1847,4.305361305361306,AFC East
MIA,2010,273,333,7,9,0,-0.03326196488993959,-19.657821249954303,3524,5.9326599326599325,-0.1607590205821235,-69.7694149326416,1661,3.827188940092166,0.06325949686840406,33.97034981833298,3348,6.223048327137547,-0.14643502796509555,-63.113497052956184,1619,3.7563805104408354,AFC East
MIA,2011,329,313,6,10,0,-0.025321544579387352,-13.141881636702037,3098,5.946257197696737,-0.10376667440412903,-47.31760352828284,1991,4.356673960612691,-0.010174457338440671,-6.389559208540741,3988,6.340222575516693,-0.09883713541864783,-39.63369130287778,1548,3.8316831683168315,AFC East
MIA,2012,288,317,7,9,0,-0.06428029481609872,-34.64707890587721,3200,5.936920222634508,-0.07979730358002331,-33.35527289644974,1805,4.2976190476190474,0.0441862002840572,28.323354382080666,3981,6.210608424336973,-0.04198189270373938,-17.5904130428668,1743,4.15,AFC East
MIA,2013,317,335,8,8,0,-0.024780886445121855,-15.785424665542621,3526,5.517996870109546,-0.1389220235639349,-46.12211182322638,1380,4.156626506024097,0.002456525630253878,1.4763719037825807,3644,6.053156146179402,0.024839772525939604,11.500814679510038,2015,4.352051835853132,AFC East
MIA,2014,388,373,8,8,0,0.05950305959608958,37.84394590311297,3704,5.796557120500783,-0.04015709107777236,-15.420322973864584,1893,4.904145077720207,0.0890273295281809,50.834605160591295,3559,6.23292469352014,-0.0745591986742261,-32.88060661533371,1949,4.399548532731377,AFC East
MIA,2015,310,389,6,10,0,-0.003671624617640929,-2.313123509113785,3815,6.0363924050632916,-0.06008448497085452,-20.008133495294555,1504,4.516516516516517,0.17575877545256957,100.18250200796466,4000,6.993006993006993,-0.0618666964867969,-30.129081189070092,2038,4.184804928131417,AFC East
MIA,2016,363,380,10,6,0,0.10158254918760934,50.68969204461706,3512,7.024,-0.031529020306097805,-12.611608122439122,1829,4.561097256857855,0.04815659156112997,30.00155654258397,3886,6.207667731629393,0.005692270157205456,2.5501370304280444,2255,5.022271714922049,AFC East
MIA,2017,281,393,6,10,0,-0.047410289531245715,-29.77366182562231,3535,5.620031796502385,-0.1663384524767578,-58.7174737242955,1397,3.9575070821529743,0.14058849752409233,77.18308514072669,3603,6.5271739130434785,-0.0875374760456961,-36.15297760687249,1787,4.326876513317191,AFC East
MIA,2018,319,433,7,9,0,-0.0710556465906799,-35.66993458852131,2902,5.769383697813121,-0.0642244364089609,-22.928123797999042,1749,4.858333333333333,0.11196169811933841,60.123431890084724,3934,7.312267657992565,0.05721594739369273,26.66263148546081,2344,5.019271948608137,AFC East
MIN,2009,470,312,12,4,0,0.24126852890957717,140.6595523542835,4156,7.116438356164384,-0.14810255713801507,-66.34994559783075,1938,4.325892857142857,0.0035982595664477857,2.083392288973268,3495,6.005154639175258,-0.1934550729816138,-67.90273061654645,1398,3.982905982905983,NFC North
MIN,2010,281,348,6,10,0,-0.16979996507181558,-90.5033813832777,3102,5.765799256505576,-0.09575540818196804,-41.557847150974126,1950,4.493087557603687,-0.025921359969749008,-14.386354783210699,3374,6.057450628366248,-0.10916067060914288,-44.42839293792115,1646,4.034313725490196,NFC North
MIN,2011,340,449,3,13,0,-0.1416676494779198,-78.34221016128964,2957,5.308797127468582,0.11426578138486351,50.61974115349454,2323,5.243792325056433,0.15836902585394746,92.48751109870533,4019,6.8583617747440275,-0.09538801235061517,-40.73068127371268,1725,4.020979020979021,NFC North
MIN,2012,379,348,10,6,0,-0.019366977994201097,-9.954626689019364,2760,5.348837209302325,0.03375061825332654,15.8965411973168,2648,5.610169491525424,0.09241642011639095,60.16308949577051,3919,5.992354740061162,-0.11252201057575106,-47.146722431239695,1707,4.073985680190931,NFC North
MIN,2013,391,480,5,10,1,-0.09439048269385182,-55.40721334129102,3427,5.808474576271187,0.040538605447177724,16.823521260578755,2089,5.033734939759036,0.14790441585479044,101.16662044467667,4595,6.708029197080292,-0.025325549881198194,-10.839335349152826,1789,4.179906542056075,NFC North
MIN,2014,325,343,7,9,0,-0.052035682505360406,-29.192017885507187,3253,5.7779751332149205,0.017068900076548738,6.861697830772592,1821,4.529850746268656,0.06932965772930676,39.58723456343416,3566,6.223385689354275,-8.52587792174645e-4,-0.36917051401162126,1964,4.514942528735633,NFC North
MIN,2015,365,302,11,5,0,-0.008629251564400706,-4.297367279071552,2928,5.879518072289157,0.03749060948838726,17.320661583634912,2231,4.829004329004329,0.026667921279629903,15.947416925218683,3764,6.262895174708818,-0.093089885084246,-37.329043918782645,1760,4.389027431421447,NFC North
MIN,2016,327,307,8,8,0,0.10028631828786047,62.578662611624935,3836,6.10828025477707,-0.22440523469110613,-82.35672113163595,1224,3.335149863760218,-0.05640628387692457,-32.99767606800087,3327,5.687179487179487,-0.10103299612994497,-40.514231448107935,1718,4.28428927680798,NFC North
MIN,2017,382,252,13,3,0,0.14927225152565246,82.99537184826276,3755,6.753597122302159,-0.07404077240079845,-35.46552997998246,1985,4.135416666666667,-0.10404743210463512,-60.86774778121154,3080,5.24701873935264,-0.13311870211828739,-47.25713925199202,1351,3.8056338028169012,NFC North
MIN,2018,360,341,8,7,1,0.009679525669727688,6.243294056974358,4042,6.237654320987654,-0.14956395791087318,-52.04825735298387,1499,4.307471264367816,-0.11837742657823223,-64.87082976487126,3146,5.730418943533698,-0.027508724459920756,-11.883768966685768,1825,4.224537037037037,NFC North
STL,2009,175,436,1,15,0,-0.23936270385153643,-138.59100553003958,2678,4.601374570446735,-0.14772506828628396,-60.41955292909014,1796,4.380487804878049,0.12111361576764228,62.13128488880049,3766,7.341130604288499,0.013428954602845905,6.405611345557497,2226,4.666666666666667,NFC West
STL,2010,289,328,7,9,0,-0.0879002680835696,-54.05866487139531,3252,5.262135922330097,-0.13162619961428287,-55.15137763838453,1585,3.7648456057007125,-0.014622873280879446,-8.832215461651186,3606,5.9504950495049505,-0.08637102967013749,-33.85744363069389,1824,4.641221374045801,NFC West
STL,2011,193,407,2,14,0,-0.18712779689000147,-111.71529474333087,2863,4.787625418060201,-0.14528197875485677,-58.11279150194271,1683,4.186567164179104,0.06720631899750125,34.74566692170814,3278,6.340425531914893,-0.006194600338296394,-3.016770364750344,2456,5.04312114989733,NFC West
STL,2012,299,348,7,8,1,0.025218538101971392,14.702407713449322,3556,6.089041095890411,-0.06430830538140112,-25.594705541797648,1729,4.333333333333333,0.017758972101933654,10.513311484344722,3619,6.113175675675675,-0.036736625296762034,-15.833485502904436,1874,4.337962962962963,NFC West
STL,2013,348,364,7,9,0,-0.061963160669791954,-33.33618044034807,3129,5.805194805194805,-0.094126148992297,-38.87409953381866,1770,4.27536231884058,0.057760612041021786,32.92354886338242,3876,6.7643979057591626,-0.08758163324106552,-37.57252066041711,1658,3.855813953488372,NFC West
STL,2014,324,354,6,10,0,-0.06659688827559736,-37.29425743433452,3399,6.048042704626335,-0.11616500342893409,-44.72352632013962,1645,4.261658031088083,0.0459916400260086,26.445193014954945,3854,6.679376083188908,-0.11896045032420936,-48.53586373227742,1784,4.351219512195122,NFC West
STL,2015,280,330,7,9,0,-0.1610014776754592,-78.56872110562408,2807,5.740286298568507,-0.10604980087969654,-44.01066736507406,1972,4.740384615384615,0.014169155097949648,8.983244332100076,4065,6.4116719242902205,-0.12908977981595626,-56.02496444012502,1842,4.215102974828375,NFC West
LA,2016,224,394,4,12,0,-0.23990202349875156,-139.6229776762734,2951,5.061749571183533,-0.15340324159793617,-55.68537670005083,1307,3.561307901907357,0.07679122792797244,46.91944026399116,3732,6.098039215686274,-0.051503432380681585,-21.013400411318088,1677,4.100244498777506,NFC West
LA,2017,478,329,11,5,0,0.1155000478917792,62.716526005236105,3836,7.064456721915286,-0.02965747838332662,-12.8120306615971,1970,4.549653579676674,-0.11865447443081907,-70.9553757096298,3479,5.808013355592655,-0.0063407524530921045,-2.593367753314671,1965,4.781021897810219,NFC West
LA,2018,527,384,13,3,0,0.2054133792489817,123.04261417014003,4513,7.5216666666666665,0.1443851908962784,63.5294839943625,2262,5.129251700680272,0.021890509196131853,12.499480750991289,3784,6.603839441535777,0.034816833664251694,13.230396792415645,1964,5.168421052631579,NFC West
LAC,2017,355,272,9,7,0,0.21796525183566015,128.81746383487516,4431,7.472175379426644,-0.07043874361186403,-28.245936188357472,1615,4.007444168734492,-0.09709951342149799,-54.861225083146365,3133,5.525573192239859,-0.01362995233383097,-5.779099789544332,2100,4.9411764705882355,AFC West
LAC,2018,428,329,12,4,0,0.24539023402837787,134.96462871560783,4097,7.43557168784029,0.0037898260637278303,1.4590830345352148,1889,4.893782383419689,-9.055504138719707e-4,-0.5252192400457432,3648,6.257289879931389,-0.03626600738187886,-14.143742878932756,1699,4.356410256410256,AFC West
